Name,ID,Team,gamesPlayed,groundOuts,runs,doubles,triples,homeRuns,strikeOuts,baseOnBalls,intentionalWalks,hits,hitByPitch,avg,atBats,obp,slg,ops,caughtStealing,stolenBases,stolenBasePercentage,groundIntoDoublePlay,numberOfPitches,plateAppearances,totalBases,rbi,leftOnBase,sacBunts,sacFlies,babip,groundOutsToAirouts,atBatsPerHomeRun,atBatsPerHomeRun_p7G,avg_p7G,hits_p7G,obp_p7G,ops_p7G,slg_p7G,atBatsPerHomeRun_p15G,avg_p15G,hits_p15G,obp_p15G,ops_p15G,slg_p15G,avg_p5G,era_p5G,groundOutsToAirouts_p5G,hitsPer9Inn_p5G,homeRunsPer9_p5G,inningsPitched_p5G,pitchesPerInning_p5G,runsScoredPer9_p5G,stolenBasePercentage_p5G,strikePercentage_p5G,strikeoutWalkRatio_p5G,strikeoutsPer9Inn_p5G,walksPer9Inn_p5G,whip_p5G,winPercentage_p5G,atBats_h2h,avg_h2h,hits_h2h,obp_h2h,ops_h2h,slg_h2h,pitcher_hitter_opposite_hand
Bo Bichette,666182,141,10.0,8.0,6.0,8.0,0.0,3.0,10.0,4.0,0.0,18.0,0.0,0.409,44.0,0.458,0.795,1.254,2.0,1.0,0.333,1.0,186.0,48.0,35.0,4.0,17.0,0.0,0.0,0.484,1.0,14.67,15.5,0.387,12.0,0.441,1.247,0.806,14.67,0.409,18.0,0.458,1.253,0.795,0.234,4.82,0.85,8.04,2.57,28.0,15.14,4.82,0.0,0.67,6.2,9.96,1.61,1.07,1.0,0.0,0.0,0.0,0.0,0.0,0.0,0.0
Brandon Drury,592273,141,88.0,82.0,34.0,15.0,1.0,13.0,87.0,19.0,0.0,71.0,1.0,0.228,311.0,0.272,0.408,0.681,0.0,0.0,0.0,5.0,1336.0,334.0,127.0,32.0,134.0,0.0,3.0,0.271,1.11,23.92,13.5,0.296,8.0,0.345,0.864,0.519,11.4,0.263,15.0,0.3,0.844,0.544,0.234,4.82,0.85,8.04,2.57,28.0,15.14,4.82,0.0,0.67,6.2,9.96,1.61,1.07,1.0,0.0,0.0,0.0,0.0,0.0,0.0,0.0
Cavan Biggio,624415,141,59.0,37.0,38.0,7.0,0.0,10.0,69.0,41.0,0.0,44.0,0.0,0.215,205.0,0.344,0.395,0.739,0.0,9.0,1.0,0.0,1095.0,248.0,81.0,29.0,74.0,0.0,1.0,0.268,0.66,20.5,14.5,0.207,6.0,0.324,0.772,0.448,15.0,0.2,12.0,0.324,0.741,0.417,0.234,4.82,0.85,8.04,2.57,28.0,15.14,4.82,0.0,0.67,6.2,9.96,1.61,1.07,1.0,2.0,0.0,0.0,0.0,0.0,0.0,1.0
Danny Jansen,643376,141,87.0,72.0,29.0,12.0,1.0,9.0,66.0,23.0,0.0,57.0,4.0,0.205,278.0,0.275,0.353,0.627,0.0,0.0,0.0,6.0,1146.0,307.0,98.0,35.0,105.0,1.0,1.0,0.235,0.85,30.89,29.0,0.207,6.0,0.233,0.612,0.379,49.0,0.143,7.0,0.208,0.453,0.245,0.234,4.82,0.85,8.04,2.57,28.0,15.14,4.82,0.0,0.67,6.2,9.96,1.61,1.07,1.0,2.0,0.5,1.0,0.5,1.0,0.5,0.0
Derek Fisher,605233,141,23.0,20.0,10.0,2.0,1.0,2.0,20.0,7.0,0.0,14.0,0.0,0.215,65.0,0.292,0.369,0.661,1.0,4.0,0.8,0.0,275.0,72.0,24.0,8.0,26.0,0.0,0.0,0.279,1.82,32.5,12.0,0.167,2.0,0.167,0.584,0.417,41.0,0.171,7.0,0.244,0.512,0.268,0.234,4.82,0.85,8.04,2.57,28.0,15.14,4.82,0.0,0.67,6.2,9.96,1.61,1.07,1.0,0.0,0.0,0.0,0.0,0.0,0.0,1.0
Freddy Galvis,520471,141,111.0,100.0,54.0,23.0,1.0,18.0,109.0,21.0,1.0,117.0,0.0,0.27,434.0,0.303,0.452,0.754,1.0,4.0,0.8,11.0,1751.0,457.0,196.0,54.0,169.0,1.0,1.0,0.321,0.91,24.11,12.5,0.32,8.0,0.346,0.986,0.64,20.67,0.242,15.0,0.254,0.689,0.435,0.234,4.82,0.85,8.04,2.57,28.0,15.14,4.82,0.0,0.67,6.2,9.96,1.61,1.07,1.0,3.0,0.0,0.0,0.0,0.0,0.0,1.0
Justin Smoak,475253,141,93.0,81.0,43.0,8.0,0.0,18.0,79.0,65.0,1.0,66.0,5.0,0.208,317.0,0.351,0.404,0.754,0.0,0.0,0.0,6.0,1616.0,388.0,128.0,48.0,129.0,0.0,1.0,0.217,0.88,17.61,0.0,0.125,3.0,0.276,0.401,0.125,15.67,0.17,8.0,0.339,0.701,0.362,0.234,4.82,0.85,8.04,2.57,28.0,15.14,4.82,0.0,0.67,6.2,9.96,1.61,1.07,1.0,7.0,0.286,2.0,0.286,0.715,0.429,1.0
Lourdes Gurriel Jr.,666971,141,78.0,64.0,50.0,18.0,2.0,19.0,77.0,20.0,0.0,80.0,4.0,0.277,289.0,0.33,0.55,0.88,4.0,6.0,0.6,4.0,1176.0,316.0,159.0,46.0,111.0,1.0,2.0,0.313,0.9,15.21,24.0,0.125,3.0,0.222,0.514,0.292,49.0,0.204,10.0,0.304,0.61,0.306,0.234,4.82,0.85,8.04,2.57,28.0,15.14,4.82,0.0,0.67,6.2,9.96,1.61,1.07,1.0,6.0,0.167,1.0,0.167,0.334,0.167,0.0
Randal Grichuk,545341,141,108.0,89.0,52.0,19.0,2.0,19.0,123.0,30.0,0.0,100.0,4.0,0.24,417.0,0.296,0.432,0.728,1.0,2.0,0.667,10.0,1746.0,452.0,180.0,50.0,190.0,0.0,1.0,0.293,0.84,21.95,14.0,0.357,10.0,0.4,1.079,0.679,19.0,0.298,17.0,0.333,0.894,0.561,0.234,4.82,0.85,8.04,2.57,28.0,15.14,4.82,0.0,0.67,6.2,9.96,1.61,1.07,1.0,4.0,0.0,0.0,0.2,0.2,0.0,0.0
Reese McGuire,624512,141,6.0,7.0,1.0,0.0,0.0,1.0,7.0,0.0,0.0,3.0,0.0,0.143,21.0,0.143,0.286,0.429,0.0,0.0,0.0,1.0,70.0,21.0,6.0,2.0,12.0,0.0,0.0,0.154,1.75,21.0,21.0,0.143,3.0,0.143,0.429,0.286,21.0,0.143,3.0,0.143,0.429,0.286,0.234,4.82,0.85,8.04,2.57,28.0,15.14,4.82,0.0,0.67,6.2,9.96,1.61,1.07,1.0,0.0,0.0,0.0,0.0,0.0,0.0,1.0
Teoscar Hernandez,606192,141,86.0,56.0,40.0,11.0,1.0,15.0,100.0,28.0,1.0,64.0,1.0,0.22,291.0,0.29,0.419,0.709,1.0,4.0,0.8,5.0,1314.0,321.0,122.0,40.0,127.0,0.0,1.0,0.277,0.78,19.4,0.0,0.217,5.0,0.308,0.569,0.261,17.67,0.245,13.0,0.333,0.805,0.472,0.234,4.82,0.85,8.04,2.57,28.0,15.14,4.82,0.0,0.67,6.2,9.96,1.61,1.07,1.0,6.0,0.167,1.0,0.375,0.542,0.167,0.0
Vladimir Guerrero Jr.,665489,141,84.0,90.0,42.0,19.0,0.0,13.0,61.0,34.0,0.0,87.0,1.0,0.274,317.0,0.346,0.457,0.803,1.0,0.0,0.0,13.0,1369.0,353.0,145.0,49.0,134.0,0.0,1.0,0.303,1.13,24.38,10.33,0.419,13.0,0.438,1.244,0.806,15.0,0.383,23.0,0.439,1.122,0.683,0.234,4.82,0.85,8.04,2.57,28.0,15.14,4.82,0.0,0.67,6.2,9.96,1.61,1.07,1.0,2.0,0.0,0.0,0.0,0.0,0.0,0.0
Aaron Judge,592450,147,59.0,43.0,41.0,9.0,0.0,12.0,80.0,45.0,4.0,60.0,2.0,0.28,214.0,0.408,0.491,0.899,1.0,2.0,0.667,9.0,1152.0,263.0,105.0,30.0,82.0,0.0,1.0,0.39,1.34,17.83,24.0,0.292,7.0,0.485,0.985,0.5,61.0,0.23,14.0,0.338,0.699,0.361,0.226,6.33,0.55,8.02,1.71,21.1,15.7,6.82,1.0,0.66,4.2,8.86,2.11,1.13,0.0,0.0,0.0,0.0,0.0,0.0,0.0,0.0
Austin Romine,519222,147,47.0,39.0,18.0,7.0,0.0,6.0,32.0,6.0,0.0,39.0,0.0,0.267,146.0,0.294,0.438,0.732,0.0,1.0,1.0,3.0,553.0,154.0,64.0,28.0,58.0,1.0,1.0,0.303,1.03,24.33,6.0,0.375,9.0,0.444,1.444,1.0,11.0,0.386,17.0,0.429,1.179,0.75,0.226,6.33,0.55,8.02,1.71,21.1,15.7,6.82,1.0,0.66,4.2,8.86,2.11,1.13,0.0,0.0,0.0,0.0,0.0,0.0,0.0,0.0
Brett Gardner,458731,147,99.0,99.0,64.0,16.0,5.0,17.0,60.0,38.0,0.0,86.0,3.0,0.255,337.0,0.334,0.484,0.818,2.0,9.0,0.818,4.0,1609.0,380.0,163.0,46.0,137.0,0.0,2.0,0.263,1.05,19.82,12.0,0.417,10.0,0.462,1.254,0.792,26.0,0.308,16.0,0.368,0.926,0.558,0.226,6.33,0.55,8.02,1.71,21.1,15.7,6.82,1.0,0.66,4.2,8.86,2.11,1.13,0.0,3.0,0.0,0.0,0.0,0.0,0.0,1.0
Breyvic Valera,591971,147,7.0,5.0,2.0,0.0,1.0,0.0,2.0,2.0,0.0,4.0,0.0,0.19,21.0,0.261,0.286,0.547,0.0,0.0,0.0,0.0,101.0,23.0,6.0,3.0,7.0,0.0,0.0,0.211,0.5,0.0,0.0,0.19,4.0,0.261,0.547,0.286,0.0,0.19,4.0,0.261,0.547,0.286,0.226,6.33,0.55,8.02,1.71,21.1,15.7,6.82,1.0,0.66,4.2,8.86,2.11,1.13,0.0,0.0,0.0,0.0,0.0,0.0,0.0,1.0
Cameron Maybin,457727,147,51.0,22.0,35.0,11.0,0.0,7.0,41.0,20.0,0.0,49.0,0.0,0.327,150.0,0.406,0.54,0.946,4.0,7.0,0.636,3.0,708.0,170.0,81.0,22.0,58.0,0.0,0.0,0.412,0.58,21.43,13.0,0.346,9.0,0.414,1.106,0.692,10.2,0.431,22.0,0.5,1.324,0.824,0.226,6.33,0.55,8.02,1.71,21.1,15.7,6.82,1.0,0.66,4.2,8.86,2.11,1.13,0.0,1.0,0.0,0.0,0.0,0.0,0.0,0.0
Didi Gregorius,544369,147,43.0,41.0,27.0,7.0,1.0,8.0,25.0,8.0,0.0,47.0,0.0,0.27,174.0,0.301,0.46,0.76,1.0,1.0,0.5,4.0,706.0,183.0,80.0,31.0,74.0,0.0,1.0,0.275,0.66,21.75,14.5,0.207,6.0,0.281,0.695,0.414,20.0,0.3,18.0,0.338,0.905,0.567,0.226,6.33,0.55,8.02,1.71,21.1,15.7,6.82,1.0,0.66,4.2,8.86,2.11,1.13,0.0,1.0,0.0,0.0,0.333,0.333,0.0,1.0
DJ LeMahieu,518934,147,102.0,121.0,79.0,24.0,2.0,18.0,62.0,33.0,0.0,140.0,2.0,0.335,418.0,0.384,0.531,0.915,2.0,4.0,0.667,8.0,1704.0,457.0,222.0,77.0,125.0,1.0,3.0,0.358,1.22,23.22,9.0,0.37,10.0,0.414,1.155,0.741,11.2,0.375,21.0,0.444,1.123,0.679,0.226,6.33,0.55,8.02,1.71,21.1,15.7,6.82,1.0,0.66,4.2,8.86,2.11,1.13,0.0,1.0,1.0,1.0,1.0,3.0,2.0,0.0
Gio Urshela,570482,147,93.0,77.0,52.0,26.0,0.0,14.0,51.0,19.0,0.0,95.0,4.0,0.319,298.0,0.363,0.547,0.91,1.0,1.0,0.5,10.0,1236.0,325.0,163.0,55.0,122.0,0.0,4.0,0.342,0.97,21.29,8.67,0.423,11.0,0.464,1.349,0.885,11.0,0.382,21.0,0.404,1.222,0.818,0.226,6.33,0.55,8.02,1.71,21.1,15.7,6.82,1.0,0.66,4.2,8.86,2.11,1.13,0.0,1.0,0.0,0.0,0.0,0.0,0.0,0.0
Gleyber Torres,650402,147,105.0,82.0,70.0,19.0,0.0,23.0,94.0,41.0,2.0,110.0,1.0,0.281,392.0,0.347,0.505,0.852,2.0,4.0,0.667,8.0,1784.0,439.0,198.0,62.0,153.0,1.0,4.0,0.312,0.74,17.04,9.0,0.185,5.0,0.241,0.834,0.593,14.75,0.203,12.0,0.266,0.724,0.458,0.226,6.33,0.55,8.02,1.71,21.1,15.7,6.82,1.0,0.66,4.2,8.86,2.11,1.13,0.0,3.0,0.333,1.0,0.5,0.833,0.333,0.0
Kyle Higashioka,543309,147,10.0,4.0,7.0,4.0,0.0,3.0,18.0,0.0,0.0,10.0,0.0,0.256,39.0,0.25,0.59,0.84,0.0,0.0,0.0,1.0,176.0,40.0,23.0,9.0,15.0,0.0,1.0,0.368,0.5,13.0,10.0,0.267,8.0,0.267,0.934,0.667,13.0,0.256,10.0,0.25,0.84,0.59,0.226,6.33,0.55,8.02,1.71,21.1,15.7,6.82,1.0,0.66,4.2,8.86,2.11,1.13,0.0,0.0,0.0,0.0,0.0,0.0,0.0,0.0
Mike Ford,645801,147,15.0,11.0,10.0,2.0,0.0,2.0,11.0,9.0,2.0,9.0,1.0,0.2,45.0,0.345,0.378,0.723,0.0,0.0,0.0,0.0,212.0,55.0,17.0,4.0,18.0,0.0,0.0,0.219,0.79,22.5,21.0,0.238,5.0,0.304,0.733,0.429,22.5,0.2,9.0,0.345,0.723,0.378,0.226,6.33,0.55,8.02,1.71,21.1,15.7,6.82,1.0,0.66,4.2,8.86,2.11,1.13,0.0,0.0,0.0,0.0,0.0,0.0,0.0,1.0
Mike Tauchman,643565,147,61.0,41.0,37.0,14.0,1.0,10.0,54.0,22.0,0.0,52.0,0.0,0.294,177.0,0.372,0.554,0.926,0.0,5.0,1.0,6.0,863.0,199.0,98.0,36.0,77.0,0.0,0.0,0.372,1.37,17.7,5.75,0.435,10.0,0.5,1.543,1.043,10.8,0.407,22.0,0.458,1.273,0.815,0.226,6.33,0.55,8.02,1.71,21.1,15.7,6.82,1.0,0.66,4.2,8.86,2.11,1.13,0.0,0.0,0.0,0.0,0.0,0.0,0.0,1.0
Brian Anderson,605119,146,112.0,116.0,49.0,27.0,1.0,18.0,96.0,39.0,1.0,101.0,11.0,0.248,408.0,0.328,0.451,0.779,1.0,5.0,0.833,14.0,1678.0,461.0,184.0,55.0,157.0,0.0,3.0,0.279,1.18,22.67,12.5,0.28,7.0,0.387,1.027,0.64,11.2,0.286,16.0,0.359,1.002,0.643,0.219,4.06,2.46,7.26,1.45,31.0,15.97,4.35,0.0,0.6,2.31,8.71,3.77,1.23,0.33,0.0,0.0,0.0,1.0,0.0,0.0,1.0
Bryan Holaday,592407,146,25.0,21.0,8.0,4.0,0.0,3.0,13.0,9.0,2.0,23.0,1.0,0.303,76.0,0.384,0.474,0.857,1.0,0.0,0.0,4.0,339.0,87.0,36.0,8.0,29.0,1.0,0.0,0.333,1.05,25.33,25.0,0.28,7.0,0.333,0.813,0.48,26.0,0.327,17.0,0.386,0.886,0.5,0.219,4.06,2.46,7.26,1.45,31.0,15.97,4.35,0.0,0.6,2.31,8.71,3.77,1.23,0.33,5.0,0.4,2.0,0.4,0.8,0.4,1.0
Curtis Granderson,434158,146,97.0,55.0,35.0,17.0,1.0,9.0,82.0,30.0,1.0,48.0,3.0,0.183,263.0,0.272,0.357,0.629,3.0,0.0,0.0,3.0,1281.0,298.0,94.0,30.0,92.0,0.0,2.0,0.224,0.69,29.22,0.0,0.235,4.0,0.316,0.728,0.412,38.0,0.184,7.0,0.279,0.647,0.368,0.219,4.06,2.46,7.26,1.45,31.0,15.97,4.35,0.0,0.6,2.31,8.71,3.77,1.23,0.33,0.0,0.0,0.0,0.0,0.0,0.0,0.0
Garrett Cooper,643265,146,76.0,83.0,42.0,9.0,1.0,11.0,79.0,26.0,0.0,75.0,5.0,0.281,267.0,0.353,0.446,0.799,0.0,0.0,0.0,7.0,1228.0,300.0,119.0,39.0,88.0,0.0,2.0,0.358,2.59,24.27,0.0,0.111,2.0,0.261,0.372,0.111,0.0,0.136,6.0,0.204,0.363,0.159,0.219,4.06,2.46,7.26,1.45,31.0,15.97,4.35,0.0,0.6,2.31,8.71,3.77,1.23,0.33,3.0,0.0,0.0,0.0,0.0,0.0,1.0
Harold Ramirez,623912,146,73.0,93.0,36.0,13.0,1.0,7.0,56.0,11.0,1.0,70.0,4.0,0.264,265.0,0.302,0.4,0.702,0.0,2.0,1.0,6.0,1047.0,281.0,106.0,34.0,102.0,0.0,1.0,0.31,1.98,37.86,24.0,0.208,5.0,0.269,0.727,0.458,16.67,0.2,10.0,0.241,0.681,0.44,0.219,4.06,2.46,7.26,1.45,31.0,15.97,4.35,0.0,0.6,2.31,8.71,3.77,1.23,0.33,3.0,0.0,0.0,0.0,0.0,0.0,1.0
Isan Diaz,656371,146,4.0,4.0,1.0,0.0,0.0,1.0,7.0,1.0,0.0,1.0,0.0,0.067,15.0,0.125,0.267,0.392,1.0,0.0,0.0,1.0,67.0,16.0,4.0,1.0,12.0,0.0,0.0,0.0,1.33,15.0,15.0,0.067,1.0,0.125,0.392,0.267,15.0,0.067,1.0,0.125,0.392,0.267,0.219,4.06,2.46,7.26,1.45,31.0,15.97,4.35,0.0,0.6,2.31,8.71,3.77,1.23,0.33,0.0,0.0,0.0,0.0,0.0,0.0,0.0
Jon Berti,542932,146,29.0,26.0,15.0,7.0,1.0,2.0,24.0,7.0,0.0,25.0,1.0,0.284,88.0,0.34,0.455,0.795,0.0,4.0,1.0,1.0,366.0,97.0,40.0,7.0,38.0,0.0,1.0,0.365,1.86,44.0,0.0,0.379,11.0,0.379,1.0,0.621,51.0,0.314,16.0,0.327,0.876,0.549,0.219,4.06,2.46,7.26,1.45,31.0,15.97,4.35,0.0,0.6,2.31,8.71,3.77,1.23,0.33,0.0,0.0,0.0,0.0,0.0,0.0,1.0
Jorge Alfaro,595751,146,88.0,78.0,27.0,9.0,1.0,11.0,108.0,10.0,0.0,75.0,7.0,0.254,295.0,0.293,0.403,0.696,3.0,2.0,0.4,7.0,1157.0,314.0,119.0,35.0,142.0,0.0,2.0,0.36,2.17,26.82,0.0,0.045,1.0,0.087,0.132,0.045,46.0,0.152,7.0,0.18,0.419,0.239,0.219,4.06,2.46,7.26,1.45,31.0,15.97,4.35,0.0,0.6,2.31,8.71,3.77,1.23,0.33,3.0,0.0,0.0,0.0,0.0,0.0,1.0
Lewis Brinson,621446,146,31.0,23.0,4.0,5.0,0.0,0.0,31.0,2.0,0.0,19.0,3.0,0.209,91.0,0.25,0.264,0.514,1.0,0.0,0.0,4.0,349.0,97.0,24.0,5.0,25.0,1.0,0.0,0.317,1.21,0.0,0.0,0.273,6.0,0.273,0.591,0.318,0.0,0.206,7.0,0.27,0.505,0.235,0.219,4.06,2.46,7.26,1.45,31.0,15.97,4.35,0.0,0.6,2.31,8.71,3.77,1.23,0.33,0.0,0.0,0.0,0.0,0.0,0.0,1.0
Martin Prado,445988,146,65.0,64.0,19.0,8.0,0.0,1.0,30.0,6.0,0.0,46.0,0.0,0.25,184.0,0.271,0.31,0.581,0.0,0.0,0.0,6.0,745.0,192.0,57.0,13.0,52.0,0.0,2.0,0.29,1.39,184.0,0.0,0.417,5.0,0.417,0.834,0.417,0.0,0.323,10.0,0.323,0.678,0.355,0.219,4.06,2.46,7.26,1.45,31.0,15.97,4.35,0.0,0.6,2.31,8.71,3.77,1.23,0.33,5.0,0.2,1.0,0.333,0.733,0.4,1.0
Starlin Castro,516770,146,113.0,138.0,33.0,15.0,3.0,9.0,81.0,18.0,1.0,111.0,1.0,0.249,446.0,0.276,0.357,0.633,1.0,2.0,0.667,16.0,1778.0,471.0,159.0,46.0,186.0,0.0,6.0,0.282,1.13,49.56,26.0,0.231,6.0,0.259,0.644,0.385,55.0,0.273,15.0,0.305,0.687,0.382,0.219,4.06,2.46,7.26,1.45,31.0,15.97,4.35,0.0,0.6,2.31,8.71,3.77,1.23,0.33,17.0,0.235,4.0,0.235,0.529,0.294,1.0
Adam Duvall,594807,144,12.0,6.0,9.0,2.0,0.0,5.0,19.0,3.0,0.0,15.0,0.0,0.313,48.0,0.346,0.667,1.013,0.0,0.0,0.0,0.0,217.0,52.0,32.0,8.0,27.0,0.0,1.0,0.4,0.67,9.6,26.0,0.154,4.0,0.241,0.549,0.308,9.6,0.313,15.0,0.346,1.013,0.667,0.311,10.13,0.62,11.81,4.41,10.2,21.66,10.59,1.0,0.6,0.63,4.22,6.75,2.06,0.0,1.0,0.0,0.0,0.0,0.0,0.0,1.0
Austin Riley,663586,144,66.0,29.0,38.0,9.0,1.0,17.0,90.0,13.0,3.0,57.0,5.0,0.242,236.0,0.294,0.504,0.798,2.0,0.0,0.0,4.0,959.0,255.0,119.0,45.0,111.0,0.0,1.0,0.308,0.48,13.88,13.0,0.154,2.0,0.214,0.676,0.462,42.0,0.167,7.0,0.205,0.491,0.286,0.311,10.13,0.62,11.81,4.41,10.2,21.66,10.59,1.0,0.6,0.63,4.22,6.75,2.06,0.0,0.0,0.0,0.0,0.0,0.0,0.0,1.0
Brian McCann,435263,144,66.0,61.0,23.0,8.0,0.0,10.0,43.0,23.0,1.0,60.0,2.0,0.278,216.0,0.344,0.454,0.798,0.0,0.0,0.0,7.0,991.0,247.0,98.0,39.0,90.0,0.0,6.0,0.296,1.05,21.6,0.0,0.273,6.0,0.385,0.658,0.273,26.5,0.34,18.0,0.386,0.895,0.509,0.311,10.13,0.62,11.81,4.41,10.2,21.66,10.59,1.0,0.6,0.63,4.22,6.75,2.06,0.0,0.0,0.0,0.0,0.0,0.0,0.0,0.0
Charlie Culberson,518586,144,85.0,17.0,11.0,5.0,2.0,4.0,27.0,5.0,0.0,31.0,0.0,0.333,93.0,0.364,0.559,0.923,1.0,0.0,0.0,4.0,385.0,99.0,52.0,18.0,52.0,0.0,1.0,0.429,0.89,23.25,0.0,0.294,5.0,0.294,0.706,0.412,25.0,0.4,10.0,0.4,1.0,0.6,0.311,10.13,0.62,11.81,4.41,10.2,21.66,10.59,1.0,0.6,0.63,4.22,6.75,2.06,0.0,2.0,0.5,1.0,0.5,2.5,2.0,1.0
Ender Inciarte,542255,144,57.0,56.0,24.0,8.0,2.0,4.0,36.0,19.0,2.0,41.0,3.0,0.232,177.0,0.315,0.367,0.682,1.0,6.0,0.857,0.0,765.0,200.0,65.0,17.0,78.0,0.0,1.0,0.268,1.24,44.25,0.0,0.259,7.0,0.333,0.666,0.333,24.5,0.286,14.0,0.375,0.885,0.51,0.311,10.13,0.62,11.81,4.41,10.2,21.66,10.59,1.0,0.6,0.63,4.22,6.75,2.06,0.0,6.0,0.333,2.0,0.333,0.666,0.333,0.0
Freddie Freeman,518692,144,115.0,100.0,90.0,28.0,2.0,29.0,94.0,64.0,6.0,138.0,4.0,0.309,446.0,0.4,0.576,0.976,3.0,5.0,0.625,9.0,2037.0,515.0,257.0,92.0,150.0,0.0,1.0,0.336,0.87,15.38,6.5,0.385,10.0,0.448,1.333,0.885,12.75,0.373,19.0,0.492,1.139,0.647,0.311,10.13,0.62,11.81,4.41,10.2,21.66,10.59,1.0,0.6,0.63,4.22,6.75,2.06,0.0,4.0,0.5,2.0,0.6,1.1,0.5,0.0
Johan Camargo,622666,144,84.0,67.0,24.0,10.0,1.0,4.0,37.0,14.0,2.0,45.0,0.0,0.217,207.0,0.267,0.333,0.6,0.0,1.0,1.0,4.0,792.0,222.0,69.0,26.0,85.0,1.0,0.0,0.247,1.14,51.75,0.0,0.13,3.0,0.286,0.416,0.13,51.0,0.157,8.0,0.259,0.494,0.235,0.311,10.13,0.62,11.81,4.41,10.2,21.66,10.59,1.0,0.6,0.63,4.22,6.75,2.06,0.0,4.0,0.25,1.0,0.25,0.5,0.25,0.0
Josh Donaldson,518626,144,112.0,90.0,66.0,26.0,0.0,26.0,116.0,68.0,2.0,105.0,7.0,0.263,399.0,0.379,0.524,0.903,2.0,3.0,0.6,10.0,1972.0,475.0,209.0,68.0,164.0,0.0,1.0,0.306,1.01,15.35,23.0,0.391,9.0,0.548,1.157,0.609,19.67,0.305,18.0,0.406,0.948,0.542,0.311,10.13,0.62,11.81,4.41,10.2,21.66,10.59,1.0,0.6,0.63,4.22,6.75,2.06,0.0,0.0,0.0,0.0,0.0,0.0,0.0,1.0
Matt Joyce,459964,144,86.0,21.0,14.0,7.0,0.0,3.0,24.0,18.0,0.0,25.0,0.0,0.253,99.0,0.368,0.414,0.782,0.0,0.0,0.0,1.0,478.0,117.0,41.0,10.0,42.0,0.0,0.0,0.306,0.72,33.0,0.0,0.083,1.0,0.214,0.297,0.083,0.0,0.053,1.0,0.217,0.27,0.053,0.311,10.13,0.62,11.81,4.41,10.2,21.66,10.59,1.0,0.6,0.63,4.22,6.75,2.06,0.0,0.0,0.0,0.0,0.0,0.0,0.0,0.0
Ozzie Albies,645277,144,115.0,103.0,75.0,29.0,6.0,17.0,83.0,37.0,4.0,136.0,3.0,0.296,460.0,0.351,0.496,0.846,2.0,11.0,0.846,2.0,1755.0,502.0,228.0,63.0,155.0,0.0,2.0,0.329,0.74,27.06,16.0,0.438,14.0,0.455,1.205,0.75,22.67,0.353,24.0,0.389,1.021,0.632,0.311,10.13,0.62,11.81,4.41,10.2,21.66,10.59,1.0,0.6,0.63,4.22,6.75,2.06,0.0,6.0,0.0,0.0,0.143,0.143,0.0,0.0
Ronald Acuna Jr.,660670,144,115.0,92.0,93.0,16.0,1.0,29.0,131.0,53.0,2.0,138.0,8.0,0.293,471.0,0.374,0.516,0.89,6.0,26.0,0.813,7.0,2284.0,535.0,243.0,74.0,152.0,0.0,0.0,0.35,0.84,16.24,8.25,0.333,11.0,0.371,1.129,0.758,13.4,0.284,19.0,0.351,0.903,0.552,0.311,10.13,0.62,11.81,4.41,10.2,21.66,10.59,1.0,0.6,0.63,4.22,6.75,2.06,0.0,4.0,0.25,1.0,0.4,1.4,1.0,1.0
Tyler Flowers,452095,144,60.0,43.0,24.0,8.0,2.0,9.0,75.0,19.0,3.0,44.0,3.0,0.223,197.0,0.3,0.421,0.721,0.0,0.0,0.0,6.0,869.0,220.0,83.0,21.0,89.0,0.0,1.0,0.307,1.19,21.89,27.0,0.148,4.0,0.148,0.481,0.333,26.0,0.135,7.0,0.182,0.509,0.327,0.311,10.13,0.62,11.81,4.41,10.2,21.66,10.59,1.0,0.6,0.63,4.22,6.75,2.06,0.0,3.0,0.333,1.0,0.333,0.666,0.333,1.0
Andrew Benintendi,643217,111,102.0,80.0,57.0,33.0,4.0,12.0,114.0,44.0,1.0,120.0,4.0,0.285,421.0,0.356,0.468,0.824,2.0,9.0,0.818,3.0,1862.0,474.0,197.0,60.0,166.0,2.0,3.0,0.362,0.71,35.08,29.0,0.276,8.0,0.276,0.724,0.448,16.0,0.375,24.0,0.394,1.082,0.688,0.286,3.09,0.96,10.03,1.56,23.1,16.03,4.29,0.0,0.64,3.2,6.17,1.93,1.33,1.0,0.0,0.0,0.0,0.0,0.0,0.0,0.0
Brock Holt,571788,111,53.0,40.0,24.0,8.0,1.0,1.0,31.0,16.0,0.0,46.0,3.0,0.313,147.0,0.382,0.401,0.784,0.0,1.0,1.0,2.0,717.0,170.0,59.0,20.0,62.0,0.0,4.0,0.378,1.18,147.0,0.0,0.143,2.0,0.368,0.511,0.143,0.0,0.235,8.0,0.372,0.637,0.265,0.286,3.09,0.96,10.03,1.56,23.1,16.03,4.29,0.0,0.64,3.2,6.17,1.93,1.33,1.0,0.0,0.0,0.0,0.0,0.0,0.0,0.0
Christian Vazquez,543877,111,98.0,82.0,47.0,17.0,1.0,17.0,69.0,21.0,3.0,96.0,0.0,0.281,342.0,0.32,0.485,0.805,2.0,2.0,0.5,11.0,1403.0,367.0,166.0,49.0,157.0,1.0,3.0,0.305,0.83,20.12,26.0,0.269,7.0,0.296,0.758,0.462,27.5,0.236,13.0,0.263,0.681,0.418,0.286,3.09,0.96,10.03,1.56,23.1,16.03,4.29,0.0,0.64,3.2,6.17,1.93,1.33,1.0,0.0,0.0,0.0,0.0,0.0,0.0,1.0
J.D. Martinez,502110,111,105.0,93.0,67.0,24.0,2.0,25.0,98.0,50.0,5.0,127.0,2.0,0.302,421.0,0.377,0.546,0.923,0.0,1.0,1.0,13.0,1777.0,476.0,230.0,67.0,177.0,0.0,2.0,0.34,0.89,16.84,12.0,0.375,9.0,0.5,1.167,0.667,11.6,0.397,23.0,0.478,1.219,0.741,0.286,3.09,0.96,10.03,1.56,23.1,16.03,4.29,0.0,0.64,3.2,6.17,1.93,1.33,1.0,1.0,0.0,0.0,0.5,0.5,0.0,1.0
Jackie Bradley Jr.,598265,111,105.0,102.0,46.0,21.0,2.0,12.0,110.0,41.0,3.0,80.0,9.0,0.219,365.0,0.313,0.386,0.699,2.0,7.0,0.778,5.0,1606.0,419.0,141.0,42.0,160.0,3.0,1.0,0.279,1.32,30.42,24.0,0.083,2.0,0.154,0.362,0.208,53.0,0.151,8.0,0.211,0.494,0.283,0.286,3.09,0.96,10.03,1.56,23.1,16.03,4.29,0.0,0.64,3.2,6.17,1.93,1.33,1.0,0.0,0.0,0.0,0.0,0.0,0.0,0.0
Michael Chavis,656308,111,91.0,68.0,46.0,10.0,1.0,18.0,121.0,30.0,2.0,88.0,4.0,0.263,335.0,0.331,0.46,0.79,1.0,2.0,0.667,11.0,1440.0,369.0,154.0,57.0,162.0,0.0,0.0,0.357,1.17,18.61,20.0,0.25,5.0,0.286,0.686,0.4,22.0,0.295,13.0,0.311,0.788,0.477,0.286,3.09,0.96,10.03,1.56,23.1,16.03,4.29,0.0,0.64,3.2,6.17,1.93,1.33,1.0,0.0,0.0,0.0,0.0,0.0,0.0,1.0
Mitch Moreland,519048,111,56.0,55.0,27.0,10.0,0.0,13.0,47.0,22.0,0.0,40.0,0.0,0.222,180.0,0.304,0.494,0.798,0.0,1.0,1.0,9.0,823.0,204.0,89.0,38.0,102.0,0.0,2.0,0.221,1.38,13.85,0.0,0.25,6.0,0.28,0.572,0.292,51.0,0.216,11.0,0.259,0.592,0.333,0.286,3.09,0.96,10.03,1.56,23.1,16.03,4.29,0.0,0.64,3.2,6.17,1.93,1.33,1.0,0.0,0.0,0.0,0.0,0.0,0.0,0.0
Mookie Betts,605141,111,115.0,93.0,104.0,28.0,4.0,19.0,81.0,82.0,6.0,128.0,2.0,0.282,454.0,0.39,0.487,0.876,2.0,12.0,0.857,10.0,2262.0,544.0,221.0,59.0,149.0,0.0,6.0,0.303,0.59,23.9,0.0,0.16,4.0,0.3,0.46,0.16,14.75,0.288,17.0,0.362,0.921,0.559,0.286,3.09,0.96,10.03,1.56,23.1,16.03,4.29,0.0,0.64,3.2,6.17,1.93,1.33,1.0,0.0,0.0,0.0,0.0,0.0,0.0,1.0
Rafael Devers,646240,111,114.0,124.0,94.0,38.0,3.0,23.0,81.0,35.0,5.0,147.0,2.0,0.318,462.0,0.367,0.563,0.93,6.0,8.0,0.571,5.0,1822.0,502.0,260.0,87.0,185.0,1.0,2.0,0.344,1.1,20.09,14.0,0.179,5.0,0.207,0.636,0.429,21.67,0.292,19.0,0.319,0.873,0.554,0.286,3.09,0.96,10.03,1.56,23.1,16.03,4.29,0.0,0.64,3.2,6.17,1.93,1.33,1.0,0.0,0.0,0.0,0.0,0.0,0.0,0.0
Sam Travis,607752,111,29.0,23.0,8.0,3.0,0.0,3.0,19.0,4.0,0.0,20.0,0.0,0.25,80.0,0.286,0.4,0.686,0.0,2.0,1.0,3.0,332.0,84.0,32.0,9.0,33.0,0.0,0.0,0.293,1.28,26.67,24.0,0.208,5.0,0.269,0.602,0.333,20.5,0.293,12.0,0.341,0.829,0.488,0.286,3.09,0.96,10.03,1.56,23.1,16.03,4.29,0.0,0.64,3.2,6.17,1.93,1.33,1.0,0.0,0.0,0.0,0.0,0.0,0.0,1.0
Sandy Leon,506702,111,47.0,28.0,11.0,2.0,0.0,4.0,34.0,10.0,0.0,25.0,1.0,0.194,129.0,0.255,0.302,0.558,0.0,0.0,0.0,0.0,584.0,144.0,39.0,15.0,69.0,3.0,1.0,0.228,0.61,32.25,9.5,0.158,3.0,0.158,0.632,0.474,23.5,0.191,9.0,0.224,0.543,0.319,0.286,3.09,0.96,10.03,1.56,23.1,16.03,4.29,0.0,0.64,3.2,6.17,1.93,1.33,1.0,0.0,0.0,0.0,0.0,0.0,0.0,0.0
Xander Bogaerts,593428,111,112.0,104.0,90.0,38.0,0.0,25.0,91.0,59.0,2.0,137.0,1.0,0.31,442.0,0.389,0.566,0.955,1.0,3.0,0.75,6.0,2073.0,506.0,250.0,87.0,194.0,0.0,4.0,0.339,0.91,17.68,13.5,0.296,8.0,0.345,0.938,0.593,16.25,0.308,20.0,0.338,0.907,0.569,0.286,3.09,0.96,10.03,1.56,23.1,16.03,4.29,0.0,0.64,3.2,6.17,1.93,1.33,1.0,0.0,0.0,0.0,0.0,0.0,0.0,1.0
Albert Pujols,405395,108,90.0,103.0,39.0,14.0,0.0,17.0,48.0,27.0,1.0,82.0,2.0,0.245,335.0,0.299,0.439,0.738,0.0,0.0,0.0,14.0,1381.0,371.0,147.0,63.0,155.0,0.0,7.0,0.235,0.94,19.71,0.0,0.25,6.0,0.25,0.5,0.25,19.33,0.259,15.0,0.267,0.698,0.431,0.262,7.36,1.09,9.47,2.14,25.2,18.9,7.5,0.0,0.63,4.44,14.03,3.16,1.4,0.4,21.0,0.095,2.0,0.095,0.381,0.286,1.0
Brian Goodwin,571718,108,92.0,56.0,45.0,21.0,2.0,10.0,74.0,21.0,2.0,78.0,2.0,0.287,272.0,0.339,0.489,0.828,2.0,3.0,0.6,1.0,1275.0,299.0,133.0,31.0,98.0,1.0,3.0,0.356,0.82,27.2,23.0,0.304,7.0,0.304,0.913,0.609,14.33,0.349,15.0,0.364,1.155,0.791,0.262,7.36,1.09,9.47,2.14,25.2,18.9,7.5,0.0,0.63,4.44,14.03,3.16,1.4,0.4,0.0,0.0,0.0,0.0,0.0,0.0,0.0
David Fletcher,664058,108,108.0,128.0,58.0,23.0,3.0,5.0,41.0,38.0,1.0,114.0,0.0,0.284,401.0,0.345,0.394,0.739,3.0,8.0,0.727,8.0,1813.0,440.0,158.0,39.0,141.0,0.0,1.0,0.306,1.08,80.2,0.0,0.111,3.0,0.172,0.283,0.111,0.0,0.238,15.0,0.294,0.58,0.286,0.262,7.36,1.09,9.47,2.14,25.2,18.9,7.5,0.0,0.63,4.44,14.03,3.16,1.4,0.4,0.0,0.0,0.0,0.0,0.0,0.0,1.0
Jared Walsh,665120,108,15.0,7.0,3.0,2.0,0.0,0.0,16.0,2.0,1.0,9.0,0.0,0.237,38.0,0.275,0.289,0.564,0.0,0.0,0.0,0.0,169.0,40.0,11.0,2.0,6.0,0.0,0.0,0.409,1.17,0.0,0.0,0.143,2.0,0.143,0.357,0.214,0.0,0.237,9.0,0.275,0.564,0.289,0.262,7.36,1.09,9.47,2.14,25.2,18.9,7.5,0.0,0.63,4.44,14.03,3.16,1.4,0.4,0.0,0.0,0.0,0.0,0.0,0.0,0.0
Justin Upton,457708,108,34.0,19.0,19.0,4.0,0.0,6.0,44.0,17.0,0.0,26.0,0.0,0.213,122.0,0.303,0.393,0.696,0.0,1.0,1.0,1.0,646.0,142.0,48.0,17.0,63.0,0.0,3.0,0.267,0.53,20.33,24.0,0.083,2.0,0.207,0.415,0.208,26.0,0.154,8.0,0.254,0.562,0.308,0.262,7.36,1.09,9.47,2.14,25.2,18.9,7.5,0.0,0.63,4.44,14.03,3.16,1.4,0.4,13.0,0.231,3.0,0.375,0.683,0.308,1.0
Kevan Smith,607345,108,41.0,43.0,17.0,9.0,0.0,2.0,23.0,13.0,0.0,30.0,2.0,0.252,119.0,0.333,0.378,0.711,0.0,1.0,1.0,6.0,508.0,135.0,45.0,12.0,40.0,0.0,1.0,0.295,1.79,59.5,0.0,0.158,3.0,0.158,0.316,0.158,0.0,0.167,7.0,0.217,0.407,0.19,0.262,7.36,1.09,9.47,2.14,25.2,18.9,7.5,0.0,0.63,4.44,14.03,3.16,1.4,0.4,6.0,0.5,3.0,0.5,1.167,0.667,1.0
Kole Calhoun,594777,108,108.0,100.0,64.0,21.0,1.0,25.0,107.0,46.0,5.0,92.0,4.0,0.232,396.0,0.317,0.48,0.797,1.0,3.0,0.75,7.0,1693.0,449.0,190.0,59.0,164.0,0.0,2.0,0.252,1.01,15.84,22.0,0.136,3.0,0.208,0.481,0.273,14.25,0.211,12.0,0.25,0.759,0.509,0.262,7.36,1.09,9.47,2.14,25.2,18.9,7.5,0.0,0.63,4.44,14.03,3.16,1.4,0.4,8.0,0.0,0.0,0.2,0.2,0.0,0.0
Luis Rengifo,650859,108,75.0,70.0,34.0,13.0,3.0,4.0,66.0,30.0,0.0,60.0,3.0,0.24,250.0,0.325,0.364,0.689,3.0,1.0,0.25,6.0,1191.0,287.0,91.0,23.0,111.0,1.0,3.0,0.306,1.21,62.5,20.0,0.2,4.0,0.385,0.735,0.35,47.0,0.149,7.0,0.31,0.587,0.277,0.262,7.36,1.09,9.47,2.14,25.2,18.9,7.5,0.0,0.63,4.44,14.03,3.16,1.4,0.4,0.0,0.0,0.0,0.0,0.0,0.0,0.0
Matt Thaiss,642136,108,20.0,10.0,10.0,2.0,0.0,5.0,23.0,6.0,0.0,12.0,0.0,0.203,59.0,0.277,0.492,0.768,0.0,0.0,0.0,1.0,273.0,65.0,29.0,14.0,26.0,0.0,0.0,0.226,0.71,11.8,19.0,0.158,3.0,0.238,0.606,0.368,10.5,0.214,9.0,0.283,0.807,0.524,0.262,7.36,1.09,9.47,2.14,25.2,18.9,7.5,0.0,0.63,4.44,14.03,3.16,1.4,0.4,0.0,0.0,0.0,0.0,0.0,0.0,0.0
Max Stassi,545358,108,34.0,24.0,4.0,1.0,0.0,1.0,39.0,7.0,0.0,15.0,1.0,0.153,98.0,0.217,0.194,0.411,0.0,0.0,0.0,2.0,397.0,106.0,19.0,3.0,50.0,0.0,0.0,0.241,1.2,98.0,0.0,0.105,2.0,0.105,0.21,0.105,0.0,0.1,4.0,0.163,0.288,0.125,0.262,7.36,1.09,9.47,2.14,25.2,18.9,7.5,0.0,0.63,4.44,14.03,3.16,1.4,0.4,3.0,0.0,0.0,0.0,0.0,0.0,1.0
Mike Trout,545361,108,108.0,61.0,88.0,26.0,1.0,38.0,90.0,87.0,11.0,114.0,12.0,0.299,381.0,0.44,0.672,1.112,2.0,9.0,0.818,5.0,2031.0,484.0,256.0,89.0,152.0,0.0,4.0,0.296,0.51,10.03,6.25,0.32,8.0,0.433,1.313,0.88,8.29,0.293,17.0,0.391,1.132,0.741,0.262,7.36,1.09,9.47,2.14,25.2,18.9,7.5,0.0,0.63,4.44,14.03,3.16,1.4,0.4,17.0,0.294,5.0,0.455,0.984,0.529,1.0
Shohei Ohtani,660271,108,76.0,76.0,35.0,11.0,2.0,15.0,71.0,28.0,1.0,77.0,2.0,0.286,269.0,0.353,0.509,0.862,2.0,9.0,0.818,3.0,1234.0,303.0,137.0,43.0,132.0,0.0,4.0,0.332,1.55,17.93,0.0,0.263,5.0,0.364,0.68,0.316,47.0,0.234,11.0,0.345,0.728,0.383,0.262,7.36,1.09,9.47,2.14,25.2,18.9,7.5,0.0,0.63,4.44,14.03,3.16,1.4,0.4,0.0,0.0,0.0,0.0,0.0,0.0,0.0
Wilfredo Tovar,541600,108,18.0,15.0,3.0,4.0,0.0,0.0,9.0,5.0,0.0,9.0,0.0,0.214,42.0,0.298,0.31,0.607,0.0,0.0,0.0,0.0,192.0,47.0,13.0,3.0,21.0,0.0,0.0,0.273,1.67,0.0,0.0,0.25,1.0,0.4,0.65,0.25,0.0,0.25,8.0,0.294,0.638,0.344,0.262,7.36,1.09,9.47,2.14,25.2,18.9,7.5,0.0,0.63,4.44,14.03,3.16,1.4,0.4,0.0,0.0,0.0,0.0,0.0,0.0,1.0
Aristides Aquino,606157,113,6.0,2.0,5.0,0.0,0.0,2.0,4.0,1.0,0.0,7.0,0.0,0.438,16.0,0.471,0.813,1.283,0.0,0.0,0.0,1.0,64.0,17.0,13.0,5.0,10.0,0.0,0.0,0.5,0.67,8.0,8.0,0.438,7.0,0.471,1.284,0.813,8.0,0.438,7.0,0.471,1.284,0.813,0.255,1.67,1.31,8.33,0.67,27.0,13.96,1.67,0.0,0.66,4.83,9.67,2.0,1.15,0.5,0.0,0.0,0.0,0.0,0.0,0.0,1.0
Eugenio Suarez,553993,113,112.0,85.0,59.0,17.0,1.0,30.0,129.0,46.0,2.0,105.0,8.0,0.257,409.0,0.339,0.523,0.862,2.0,3.0,0.6,9.0,1955.0,469.0,214.0,72.0,164.0,0.0,6.0,0.293,0.89,13.63,12.5,0.24,6.0,0.387,0.867,0.48,9.0,0.296,16.0,0.387,1.035,0.648,0.255,1.67,1.31,8.33,0.67,27.0,13.96,1.67,0.0,0.66,4.83,9.67,2.0,1.15,0.5,9.0,0.222,2.0,0.364,0.586,0.222,1.0
Jesse Winker,608385,113,105.0,105.0,50.0,15.0,2.0,15.0,58.0,33.0,2.0,86.0,8.0,0.27,319.0,0.353,0.47,0.823,2.0,0.0,0.0,10.0,1437.0,360.0,150.0,37.0,120.0,0.0,0.0,0.289,1.5,21.27,16.0,0.438,7.0,0.5,1.125,0.625,19.0,0.368,14.0,0.442,0.995,0.553,0.255,1.67,1.31,8.33,0.67,27.0,13.96,1.67,0.0,0.66,4.83,9.67,2.0,1.15,0.5,0.0,0.0,0.0,0.0,0.0,0.0,0.0
Joey Votto,458015,113,106.0,87.0,57.0,22.0,1.0,11.0,92.0,53.0,2.0,103.0,3.0,0.259,398.0,0.349,0.402,0.751,0.0,4.0,1.0,10.0,1848.0,456.0,160.0,36.0,136.0,0.0,2.0,0.31,0.74,36.18,24.0,0.167,4.0,0.323,0.656,0.333,19.0,0.263,15.0,0.358,0.814,0.456,0.255,1.67,1.31,8.33,0.67,27.0,13.96,1.67,0.0,0.66,4.83,9.67,2.0,1.15,0.5,24.0,0.25,6.0,0.333,0.791,0.458,0.0
Jose Iglesias,578428,113,104.0,117.0,45.0,15.0,2.0,8.0,50.0,15.0,3.0,102.0,2.0,0.287,355.0,0.319,0.408,0.727,5.0,4.0,0.444,11.0,1341.0,373.0,145.0,43.0,135.0,0.0,1.0,0.315,1.34,44.38,13.0,0.385,10.0,0.407,1.099,0.692,16.67,0.32,16.0,0.358,0.898,0.54,0.255,1.67,1.31,8.33,0.67,27.0,13.96,1.67,0.0,0.66,4.83,9.67,2.0,1.15,0.5,9.0,0.222,2.0,0.3,0.522,0.222,1.0
Jose Peraza,606299,113,103.0,66.0,29.0,11.0,2.0,6.0,46.0,11.0,0.0,66.0,7.0,0.236,280.0,0.28,0.354,0.634,5.0,5.0,0.5,8.0,1012.0,300.0,99.0,31.0,101.0,0.0,2.0,0.261,0.63,46.67,0.0,0.211,4.0,0.211,0.474,0.263,0.0,0.194,6.0,0.219,0.445,0.226,0.255,1.67,1.31,8.33,0.67,27.0,13.96,1.67,0.0,0.66,4.83,9.67,2.0,1.15,0.5,9.0,0.444,4.0,0.444,1.222,0.778,1.0
Josh VanMeter,642165,113,48.0,16.0,15.0,5.0,0.0,4.0,24.0,14.0,0.0,25.0,2.0,0.278,90.0,0.387,0.467,0.853,2.0,4.0,0.667,2.0,442.0,106.0,42.0,11.0,58.0,0.0,0.0,0.339,0.64,22.5,0.0,0.125,2.0,0.3,0.425,0.125,13.0,0.308,12.0,0.4,0.99,0.59,0.255,1.67,1.31,8.33,0.67,27.0,13.96,1.67,0.0,0.66,4.83,9.67,2.0,1.15,0.5,0.0,0.0,0.0,0.0,0.0,0.0,0.0
Kyle Farmer,571657,113,71.0,26.0,17.0,4.0,0.0,6.0,42.0,5.0,1.0,30.0,2.0,0.24,125.0,0.278,0.416,0.694,1.0,4.0,0.8,1.0,567.0,133.0,52.0,22.0,55.0,0.0,1.0,0.308,0.93,20.83,0.0,0.316,6.0,0.316,0.684,0.368,0.0,0.219,7.0,0.219,0.469,0.25,0.255,1.67,1.31,8.33,0.67,27.0,13.96,1.67,0.0,0.66,4.83,9.67,2.0,1.15,0.5,0.0,0.0,0.0,0.0,0.0,0.0,1.0
Nick Senzel,669222,113,76.0,68.0,41.0,19.0,4.0,8.0,72.0,24.0,0.0,81.0,1.0,0.28,289.0,0.337,0.457,0.793,4.0,9.0,0.692,6.0,1235.0,318.0,132.0,34.0,83.0,0.0,1.0,0.348,0.99,36.12,0.0,0.3,9.0,0.3,0.7,0.4,0.0,0.314,16.0,0.34,0.732,0.392,0.255,1.67,1.31,8.33,0.67,27.0,13.96,1.67,0.0,0.66,4.83,9.67,2.0,1.15,0.5,1.0,0.0,0.0,0.0,0.0,0.0,1.0
Phillip Ervin,640447,113,49.0,19.0,17.0,4.0,5.0,2.0,29.0,9.0,0.0,33.0,2.0,0.34,97.0,0.407,0.546,0.954,2.0,3.0,0.6,1.0,495.0,108.0,53.0,13.0,35.0,0.0,0.0,0.47,1.19,48.5,0.0,0.231,3.0,0.286,0.517,0.231,26.0,0.346,9.0,0.414,0.991,0.577,0.255,1.67,1.31,8.33,0.67,27.0,13.96,1.67,0.0,0.66,4.83,9.67,2.0,1.15,0.5,7.0,0.286,2.0,0.286,0.572,0.286,1.0
Tucker Barnhart,571466,113,69.0,53.0,24.0,6.0,0.0,8.0,57.0,27.0,6.0,42.0,1.0,0.22,191.0,0.318,0.377,0.695,0.0,0.0,0.0,3.0,852.0,221.0,72.0,27.0,70.0,1.0,1.0,0.268,1.29,23.88,7.67,0.261,6.0,0.37,1.022,0.652,15.0,0.289,13.0,0.385,0.918,0.533,0.255,1.67,1.31,8.33,0.67,27.0,13.96,1.67,0.0,0.66,4.83,9.67,2.0,1.15,0.5,13.0,0.077,1.0,0.2,0.277,0.077,0.0
Albert Almora Jr.,546991,112,109.0,109.0,36.0,11.0,1.0,12.0,54.0,14.0,2.0,74.0,1.0,0.244,303.0,0.278,0.406,0.684,1.0,2.0,0.667,7.0,1179.0,325.0,123.0,31.0,145.0,5.0,2.0,0.259,1.49,25.25,8.0,0.375,3.0,0.4,1.15,0.75,9.0,0.296,8.0,0.31,0.94,0.63,0.256,3.18,0.5,8.74,2.43,11.1,15.26,3.24,0.0,0.64,4.5,7.15,1.59,1.15,1.0,3.0,0.0,0.0,0.0,0.0,0.0,1.0
Anthony Rizzo,519203,112,110.0,115.0,70.0,24.0,2.0,21.0,72.0,52.0,3.0,114.0,18.0,0.284,401.0,0.389,0.511,0.9,2.0,5.0,0.714,14.0,1915.0,473.0,205.0,71.0,164.0,0.0,2.0,0.3,1.13,19.1,0.0,0.292,7.0,0.37,0.662,0.292,53.0,0.226,12.0,0.317,0.657,0.34,0.256,3.18,0.5,8.74,2.43,11.1,15.26,3.24,0.0,0.64,4.5,7.15,1.59,1.15,1.0,12.0,0.167,2.0,0.286,0.619,0.333,0.0
David Bote,623520,112,99.0,74.0,37.0,14.0,0.0,10.0,80.0,33.0,3.0,65.0,4.0,0.249,261.0,0.34,0.418,0.758,1.0,4.0,0.8,7.0,1205.0,300.0,109.0,39.0,118.0,0.0,2.0,0.318,1.68,26.1,0.0,0.308,4.0,0.471,0.779,0.308,33.0,0.242,8.0,0.342,0.706,0.364,0.256,3.18,0.5,8.74,2.43,11.1,15.26,3.24,0.0,0.64,4.5,7.15,1.59,1.15,1.0,3.0,0.333,1.0,0.333,0.666,0.333,1.0
Ian Happ,664023,112,12.0,1.0,5.0,1.0,0.0,2.0,6.0,6.0,0.0,8.0,0.0,0.32,25.0,0.452,0.6,1.052,0.0,0.0,0.0,0.0,120.0,31.0,15.0,6.0,8.0,0.0,0.0,0.353,0.1,12.5,6.0,0.5,6.0,0.5,1.583,1.083,12.5,0.32,8.0,0.452,1.052,0.6,0.256,3.18,0.5,8.74,2.43,11.1,15.26,3.24,0.0,0.64,4.5,7.15,1.59,1.15,1.0,5.0,0.2,1.0,0.2,0.4,0.2,0.0
Jason Heyward,518792,112,107.0,98.0,53.0,13.0,4.0,17.0,82.0,44.0,5.0,104.0,1.0,0.274,379.0,0.35,0.464,0.814,2.0,6.0,0.75,10.0,1586.0,426.0,176.0,48.0,141.0,0.0,2.0,0.309,1.01,22.29,12.5,0.2,5.0,0.259,0.779,0.52,29.0,0.276,16.0,0.311,0.759,0.448,0.256,3.18,0.5,8.74,2.43,11.1,15.26,3.24,0.0,0.64,4.5,7.15,1.59,1.15,1.0,10.0,0.4,4.0,0.4,0.9,0.5,0.0
Javier Baez,595879,112,112.0,109.0,81.0,30.0,4.0,28.0,134.0,22.0,3.0,133.0,0.0,0.293,454.0,0.325,0.562,0.887,5.0,9.0,0.643,11.0,1718.0,477.0,255.0,78.0,165.0,0.0,1.0,0.358,1.38,16.21,8.67,0.423,11.0,0.444,1.367,0.923,14.75,0.305,18.0,0.339,0.966,0.627,0.256,3.18,0.5,8.74,2.43,11.1,15.26,3.24,0.0,0.64,4.5,7.15,1.59,1.15,1.0,8.0,0.375,3.0,0.444,0.944,0.5,1.0
Kris Bryant,592178,112,108.0,86.0,83.0,30.0,1.0,22.0,100.0,55.0,1.0,117.0,11.0,0.287,407.0,0.386,0.528,0.914,0.0,2.0,1.0,8.0,1835.0,474.0,215.0,53.0,142.0,0.0,1.0,0.332,0.82,18.5,29.0,0.241,7.0,0.241,0.586,0.345,31.5,0.238,15.0,0.25,0.615,0.365,0.256,3.18,0.5,8.74,2.43,11.1,15.26,3.24,0.0,0.64,4.5,7.15,1.59,1.15,1.0,8.0,0.375,3.0,0.5,1.375,0.875,1.0
Kyle Schwarber,656941,112,109.0,87.0,58.0,17.0,1.0,26.0,109.0,53.0,4.0,87.0,3.0,0.234,372.0,0.33,0.495,0.825,2.0,1.0,0.333,4.0,1772.0,433.0,184.0,60.0,128.0,0.0,5.0,0.252,0.93,14.31,7.0,0.5,7.0,0.667,1.667,1.0,8.2,0.268,11.0,0.4,1.059,0.659,0.256,3.18,0.5,8.74,2.43,11.1,15.26,3.24,0.0,0.64,4.5,7.15,1.59,1.15,1.0,3.0,0.0,0.0,0.4,0.4,0.0,0.0
Nicholas Castellanos,592206,112,107.0,99.0,63.0,43.0,3.0,12.0,100.0,32.0,1.0,121.0,3.0,0.28,432.0,0.333,0.477,0.809,2.0,2.0,0.5,8.0,1744.0,469.0,206.0,40.0,149.0,0.0,2.0,0.339,0.87,36.0,29.0,0.379,11.0,0.4,1.09,0.69,32.0,0.281,18.0,0.292,0.823,0.531,0.256,3.18,0.5,8.74,2.43,11.1,15.26,3.24,0.0,0.64,4.5,7.15,1.59,1.15,1.0,0.0,0.0,0.0,0.0,0.0,0.0,1.0
Taylor Davis,543089,112,7.0,6.0,2.0,0.0,0.0,1.0,4.0,2.0,0.0,3.0,0.0,0.167,18.0,0.25,0.333,0.583,0.0,0.0,0.0,0.0,88.0,20.0,6.0,4.0,8.0,0.0,0.0,0.154,1.2,18.0,18.0,0.167,3.0,0.25,0.583,0.333,18.0,0.167,3.0,0.25,0.583,0.333,0.256,3.18,0.5,8.74,2.43,11.1,15.26,3.24,0.0,0.64,4.5,7.15,1.59,1.15,1.0,0.0,0.0,0.0,0.0,0.0,0.0,1.0
Tony Kemp,643393,112,71.0,57.0,24.0,6.0,2.0,7.0,30.0,16.0,1.0,40.0,4.0,0.226,177.0,0.3,0.401,0.701,3.0,4.0,0.571,3.0,705.0,201.0,71.0,18.0,71.0,1.0,3.0,0.231,1.06,25.29,0.0,0.176,3.0,0.167,0.343,0.176,17.0,0.206,7.0,0.243,0.625,0.382,0.256,3.18,0.5,8.74,2.43,11.1,15.26,3.24,0.0,0.64,4.5,7.15,1.59,1.15,1.0,0.0,0.0,0.0,0.0,0.0,0.0,0.0
Victor Caratini,605170,112,53.0,43.0,18.0,8.0,0.0,6.0,32.0,18.0,0.0,35.0,1.0,0.265,132.0,0.355,0.462,0.817,0.0,0.0,0.0,4.0,596.0,152.0,61.0,22.0,74.0,0.0,1.0,0.305,1.87,22.0,9.5,0.263,5.0,0.391,1.023,0.632,17.5,0.2,7.0,0.317,0.717,0.4,0.256,3.18,0.5,8.74,2.43,11.1,15.26,3.24,0.0,0.64,4.5,7.15,1.59,1.15,1.0,0.0,0.0,0.0,0.0,0.0,0.0,0.0
Brandon Dixon,641525,116,81.0,46.0,32.0,12.0,3.0,14.0,87.0,15.0,0.0,70.0,3.0,0.263,266.0,0.308,0.489,0.796,0.0,5.0,1.0,3.0,1110.0,286.0,130.0,43.0,112.0,0.0,2.0,0.335,0.71,19.0,0.0,0.333,8.0,0.448,1.073,0.625,26.5,0.283,15.0,0.367,0.895,0.528,0.219,4.15,1.02,7.27,1.1,8.2,16.04,6.59,1.0,0.58,0.8,4.15,5.19,1.38,0.0,2.0,0.0,0.0,0.0,0.0,0.0,0.0
Dawel Lugo,608475,116,31.0,31.0,6.0,0.0,3.0,1.0,21.0,2.0,0.0,20.0,1.0,0.213,94.0,0.232,0.309,0.541,0.0,0.0,0.0,3.0,353.0,99.0,29.0,9.0,30.0,0.0,2.0,0.257,1.29,94.0,0.0,0.211,4.0,0.238,0.449,0.211,0.0,0.196,9.0,0.208,0.491,0.283,0.219,4.15,1.02,7.27,1.1,8.2,16.04,6.59,1.0,0.58,0.8,4.15,5.19,1.38,0.0,2.0,0.5,1.0,0.5,2.0,1.5,0.0
Gordon Beckham,493596,116,66.0,41.0,22.0,11.0,2.0,5.0,60.0,12.0,0.0,38.0,4.0,0.21,181.0,0.274,0.376,0.65,1.0,2.0,0.667,5.0,820.0,197.0,68.0,14.0,92.0,0.0,0.0,0.284,0.98,36.2,13.0,0.385,5.0,0.429,1.044,0.615,37.0,0.189,7.0,0.211,0.481,0.27,0.219,4.15,1.02,7.27,1.1,8.2,16.04,6.59,1.0,0.58,0.8,4.15,5.19,1.38,0.0,3.0,0.667,2.0,0.75,2.417,1.667,0.0
Harold Castro,605612,116,55.0,60.0,17.0,6.0,3.0,2.0,49.0,6.0,0.0,55.0,0.0,0.282,195.0,0.299,0.374,0.673,1.0,3.0,0.75,4.0,727.0,206.0,73.0,21.0,58.0,2.0,3.0,0.361,1.67,97.5,0.0,0.233,7.0,0.258,0.491,0.233,0.0,0.215,14.0,0.239,0.47,0.231,0.219,4.15,1.02,7.27,1.1,8.2,16.04,6.59,1.0,0.58,0.8,4.15,5.19,1.38,0.0,1.0,1.0,1.0,1.0,2.0,1.0,1.0
JaCoby Jones,592444,116,87.0,66.0,39.0,19.0,3.0,11.0,93.0,27.0,2.0,70.0,5.0,0.236,297.0,0.309,0.431,0.74,2.0,7.0,0.778,6.0,1298.0,331.0,128.0,26.0,114.0,1.0,1.0,0.304,0.94,27.0,26.0,0.269,7.0,0.367,0.905,0.538,59.0,0.169,10.0,0.279,0.601,0.322,0.219,4.15,1.02,7.27,1.1,8.2,16.04,6.59,1.0,0.58,0.8,4.15,5.19,1.38,0.0,5.0,0.4,2.0,0.4,0.8,0.4,0.0
Jake Rogers,668670,116,7.0,5.0,5.0,0.0,0.0,2.0,8.0,4.0,0.0,5.0,0.0,0.208,24.0,0.321,0.458,0.78,0.0,0.0,0.0,1.0,118.0,28.0,11.0,4.0,11.0,0.0,0.0,0.214,0.83,12.0,12.0,0.208,5.0,0.321,0.779,0.458,12.0,0.208,5.0,0.321,0.779,0.458,0.219,4.15,1.02,7.27,1.1,8.2,16.04,6.59,1.0,0.58,0.8,4.15,5.19,1.38,0.0,0.0,0.0,0.0,0.0,0.0,0.0,0.0
John Hicks,543308,116,69.0,55.0,19.0,11.0,0.0,7.0,74.0,12.0,0.0,48.0,0.0,0.204,235.0,0.242,0.34,0.582,0.0,1.0,1.0,6.0,941.0,248.0,80.0,19.0,130.0,0.0,1.0,0.265,0.93,33.57,26.0,0.346,9.0,0.393,0.893,0.5,18.0,0.204,11.0,0.246,0.635,0.389,0.219,4.15,1.02,7.27,1.1,8.2,16.04,6.59,1.0,0.58,0.8,4.15,5.19,1.38,0.0,3.0,0.0,0.0,0.0,0.0,0.0,0.0
Jordy Mercer,474568,116,42.0,40.0,11.0,8.0,0.0,5.0,29.0,8.0,1.0,36.0,2.0,0.247,146.0,0.295,0.404,0.699,0.0,0.0,0.0,2.0,606.0,156.0,59.0,9.0,49.0,0.0,0.0,0.277,0.98,29.2,26.0,0.346,9.0,0.37,0.87,0.5,27.0,0.315,17.0,0.351,0.795,0.444,0.219,4.15,1.02,7.27,1.1,8.2,16.04,6.59,1.0,0.58,0.8,4.15,5.19,1.38,0.0,7.0,0.143,1.0,0.143,0.286,0.143,0.0
Miguel Cabrera,408234,116,100.0,93.0,29.0,16.0,0.0,7.0,79.0,32.0,2.0,104.0,3.0,0.285,365.0,0.344,0.386,0.73,0.0,0.0,0.0,15.0,1507.0,404.0,141.0,43.0,122.0,0.0,4.0,0.343,1.0,52.14,30.0,0.367,11.0,0.406,0.939,0.533,30.5,0.262,16.0,0.308,0.718,0.41,0.219,4.15,1.02,7.27,1.1,8.2,16.04,6.59,1.0,0.58,0.8,4.15,5.19,1.38,0.0,7.0,0.571,4.0,0.571,1.142,0.571,0.0
Niko Goodrum,592348,116,101.0,71.0,54.0,24.0,4.0,10.0,123.0,43.0,1.0,96.0,1.0,0.252,381.0,0.328,0.415,0.743,2.0,12.0,0.857,6.0,1782.0,427.0,158.0,41.0,181.0,0.0,2.0,0.344,0.76,38.1,0.0,0.333,9.0,0.455,0.936,0.481,59.0,0.288,17.0,0.382,0.84,0.458,0.219,4.15,1.02,7.27,1.1,8.2,16.04,6.59,1.0,0.58,0.8,4.15,5.19,1.38,0.0,9.0,0.222,2.0,0.222,0.444,0.222,1.0
Travis Demeritte,641513,116,7.0,4.0,2.0,0.0,2.0,0.0,9.0,4.0,0.0,5.0,0.0,0.2,25.0,0.3,0.36,0.66,0.0,2.0,1.0,0.0,142.0,30.0,9.0,3.0,15.0,0.0,1.0,0.294,0.5,0.0,0.0,0.2,5.0,0.3,0.66,0.36,0.0,0.2,5.0,0.3,0.66,0.36,0.219,4.15,1.02,7.27,1.1,8.2,16.04,6.59,1.0,0.58,0.8,4.15,5.19,1.38,0.0,0.0,0.0,0.0,0.0,0.0,0.0,0.0
Victor Reyes,622682,116,23.0,33.0,11.0,4.0,1.0,0.0,15.0,7.0,0.0,19.0,0.0,0.232,82.0,0.292,0.305,0.597,1.0,1.0,0.5,2.0,370.0,89.0,25.0,4.0,27.0,0.0,0.0,0.284,2.2,0.0,0.0,0.222,6.0,0.25,0.546,0.296,0.0,0.22,13.0,0.292,0.58,0.288,0.219,4.15,1.02,7.27,1.1,8.2,16.04,6.59,1.0,0.58,0.8,4.15,5.19,1.38,0.0,2.0,0.0,0.0,0.333,0.333,0.0,1.0
Alex Gordon,460086,118,109.0,126.0,61.0,27.0,1.0,11.0,78.0,36.0,3.0,111.0,13.0,0.271,410.0,0.344,0.422,0.766,2.0,5.0,0.714,8.0,1733.0,466.0,173.0,60.0,158.0,1.0,6.0,0.306,1.24,37.27,0.0,0.074,2.0,0.138,0.249,0.111,61.0,0.213,13.0,0.262,0.557,0.295,0.224,4.06,0.63,7.55,1.16,31.0,16.84,4.06,0.0,0.67,4.5,13.06,2.9,1.16,0.0,22.0,0.182,4.0,0.308,0.581,0.273,1.0
Billy Hamilton,571740,118,91.0,69.0,31.0,11.0,2.0,0.0,71.0,25.0,0.0,57.0,0.0,0.213,267.0,0.279,0.27,0.549,5.0,18.0,0.783,1.0,1165.0,297.0,72.0,12.0,102.0,3.0,2.0,0.288,0.92,0.0,0.0,0.133,2.0,0.235,0.435,0.2,0.0,0.2,6.0,0.242,0.542,0.3,0.224,4.06,0.63,7.55,1.16,31.0,16.84,4.06,0.0,0.67,4.5,13.06,2.9,1.16,0.0,8.0,0.0,0.0,0.2,0.2,0.0,1.0
Bubba Starling,605490,118,20.0,17.0,11.0,2.0,0.0,2.0,27.0,3.0,0.0,18.0,0.0,0.237,76.0,0.266,0.342,0.608,0.0,1.0,1.0,1.0,295.0,80.0,26.0,7.0,31.0,1.0,0.0,0.34,1.13,38.0,25.0,0.12,3.0,0.12,0.36,0.24,29.5,0.237,14.0,0.25,0.623,0.373,0.224,4.06,0.63,7.55,1.16,31.0,16.84,4.06,0.0,0.67,4.5,13.06,2.9,1.16,0.0,3.0,0.333,1.0,0.333,0.666,0.333,0.0
Cam Gallagher,595956,118,45.0,35.0,14.0,7.0,0.0,3.0,28.0,11.0,0.0,30.0,3.0,0.238,126.0,0.312,0.365,0.677,1.0,0.0,0.0,3.0,576.0,142.0,46.0,12.0,44.0,1.0,1.0,0.281,1.0,42.0,12.0,0.292,7.0,0.32,0.903,0.583,22.0,0.318,14.0,0.4,0.968,0.568,0.224,4.06,0.63,7.55,1.16,31.0,16.84,4.06,0.0,0.67,4.5,13.06,2.9,1.16,0.0,2.0,0.0,0.0,0.0,0.0,0.0,0.0
Cheslor Cuthbert,596144,118,57.0,58.0,19.0,11.0,0.0,7.0,48.0,11.0,1.0,64.0,2.0,0.29,221.0,0.329,0.434,0.763,0.0,1.0,1.0,9.0,903.0,234.0,96.0,29.0,94.0,0.0,0.0,0.343,1.14,31.57,26.0,0.308,8.0,0.379,0.841,0.462,60.0,0.267,16.0,0.323,0.69,0.367,0.224,4.06,0.63,7.55,1.16,31.0,16.84,4.06,0.0,0.67,4.5,13.06,2.9,1.16,0.0,17.0,0.353,6.0,0.353,0.882,0.529,0.0
Humberto Arteaga,600858,118,25.0,32.0,6.0,2.0,0.0,0.0,14.0,4.0,0.0,15.0,1.0,0.19,79.0,0.238,0.215,0.453,1.0,1.0,0.5,2.0,316.0,86.0,17.0,4.0,36.0,2.0,0.0,0.231,1.6,0.0,0.0,0.158,3.0,0.158,0.369,0.211,0.0,0.156,7.0,0.191,0.369,0.178,0.224,4.06,0.63,7.55,1.16,31.0,16.84,4.06,0.0,0.67,4.5,13.06,2.9,1.16,0.0,0.0,0.0,0.0,0.0,0.0,0.0,0.0
Hunter Dozier,641531,118,93.0,60.0,53.0,20.0,5.0,18.0,88.0,45.0,2.0,97.0,3.0,0.282,344.0,0.367,0.526,0.893,1.0,2.0,0.667,6.0,1506.0,395.0,181.0,60.0,149.0,0.0,3.0,0.328,0.59,19.11,13.5,0.259,7.0,0.333,0.852,0.519,19.33,0.241,14.0,0.343,0.774,0.431,0.224,4.06,0.63,7.55,1.16,31.0,16.84,4.06,0.0,0.67,4.5,13.06,2.9,1.16,0.0,12.0,0.417,5.0,0.462,1.129,0.667,0.0
Jorge Soler,624585,118,116.0,95.0,63.0,23.0,0.0,31.0,129.0,47.0,0.0,107.0,7.0,0.253,423.0,0.335,0.527,0.863,1.0,0.0,0.0,13.0,1946.0,481.0,223.0,79.0,186.0,0.0,3.0,0.286,1.0,13.64,8.0,0.333,8.0,0.429,1.179,0.75,13.0,0.269,14.0,0.391,0.949,0.558,0.224,4.06,0.63,7.55,1.16,31.0,16.84,4.06,0.0,0.67,4.5,13.06,2.9,1.16,0.0,7.0,0.429,3.0,0.538,0.967,0.429,0.0
Meibrys Viloria,650619,118,11.0,10.0,2.0,2.0,0.0,1.0,14.0,4.0,0.0,10.0,0.0,0.263,38.0,0.333,0.395,0.728,0.0,0.0,0.0,0.0,172.0,42.0,15.0,7.0,9.0,0.0,0.0,0.391,2.5,38.0,24.0,0.25,6.0,0.28,0.697,0.417,38.0,0.263,10.0,0.333,0.728,0.395,0.224,4.06,0.63,7.55,1.16,31.0,16.84,4.06,0.0,0.67,4.5,13.06,2.9,1.16,0.0,0.0,0.0,0.0,0.0,0.0,0.0,1.0
Nicky Lopez,670032,118,71.0,117.0,31.0,13.0,1.0,1.0,41.0,14.0,0.0,61.0,1.0,0.224,272.0,0.265,0.29,0.555,1.0,1.0,0.5,5.0,1111.0,291.0,79.0,16.0,124.0,4.0,0.0,0.261,2.05,272.0,0.0,0.2,5.0,0.231,0.471,0.24,0.0,0.167,9.0,0.211,0.415,0.204,0.224,4.06,0.63,7.55,1.16,31.0,16.84,4.06,0.0,0.67,4.5,13.06,2.9,1.16,0.0,5.0,0.6,3.0,0.6,1.8,1.2,1.0
Ryan O'Hearn,656811,118,66.0,63.0,20.0,7.0,1.0,7.0,62.0,27.0,1.0,37.0,1.0,0.172,215.0,0.266,0.312,0.578,1.0,0.0,0.0,7.0,975.0,244.0,67.0,21.0,110.0,0.0,1.0,0.204,1.17,30.71,20.0,0.05,1.0,0.136,0.336,0.2,24.0,0.083,4.0,0.137,0.345,0.208,0.224,4.06,0.63,7.55,1.16,31.0,16.84,4.06,0.0,0.67,4.5,13.06,2.9,1.16,0.0,0.0,0.0,0.0,0.0,0.0,0.0,1.0
Whit Merrifield,593160,118,116.0,108.0,77.0,31.0,9.0,12.0,88.0,38.0,4.0,147.0,4.0,0.302,486.0,0.357,0.477,0.834,8.0,16.0,0.667,5.0,2001.0,530.0,232.0,56.0,155.0,0.0,2.0,0.348,0.74,40.5,0.0,0.31,9.0,0.355,0.734,0.379,0.0,0.258,16.0,0.333,0.639,0.306,0.224,4.06,0.63,7.55,1.16,31.0,16.84,4.06,0.0,0.67,4.5,13.06,2.9,1.16,0.0,34.0,0.441,15.0,0.486,1.133,0.647,0.0
C.J. Cron,543068,142,87.0,94.0,38.0,20.0,0.0,19.0,72.0,23.0,2.0,89.0,5.0,0.265,336.0,0.32,0.494,0.814,0.0,0.0,0.0,8.0,1416.0,366.0,166.0,58.0,128.0,0.0,2.0,0.283,1.13,17.68,13.5,0.259,7.0,0.259,0.74,0.481,30.5,0.213,13.0,0.238,0.615,0.377,0.234,2.01,1.33,7.47,1.16,31.1,16.4,2.03,0.0,0.63,4.44,11.49,2.59,1.12,1.0,1.0,0.0,0.0,0.0,0.0,0.0,0.0
Eddie Rosario,592696,142,95.0,99.0,64.0,16.0,1.0,24.0,56.0,15.0,1.0,112.0,0.0,0.289,388.0,0.312,0.521,0.833,1.0,3.0,0.75,9.0,1416.0,407.0,202.0,76.0,163.0,0.0,4.0,0.282,0.79,16.17,15.0,0.4,12.0,0.375,1.008,0.633,22.33,0.313,21.0,0.304,0.782,0.478,0.234,2.01,1.33,7.47,1.16,31.1,16.4,2.03,0.0,0.63,4.44,11.49,2.59,1.12,1.0,12.0,0.333,4.0,0.385,0.968,0.583,1.0
Ehire Adrianza,501303,142,63.0,43.0,30.0,4.0,2.0,4.0,28.0,18.0,1.0,40.0,6.0,0.265,151.0,0.36,0.397,0.757,1.0,0.0,0.0,2.0,661.0,181.0,60.0,18.0,66.0,1.0,3.0,0.295,0.98,37.75,0.0,0.071,1.0,0.176,0.247,0.071,0.0,0.194,6.0,0.297,0.62,0.323,0.234,2.01,1.33,7.47,1.16,31.1,16.4,2.03,0.0,0.63,4.44,11.49,2.59,1.12,1.0,6.0,0.5,3.0,0.5,1.667,1.167,1.0
Jake Cave,595909,142,40.0,30.0,10.0,5.0,0.0,2.0,35.0,10.0,0.0,20.0,6.0,0.211,95.0,0.321,0.326,0.648,0.0,0.0,0.0,1.0,447.0,112.0,31.0,10.0,42.0,0.0,1.0,0.305,2.73,47.5,0.0,0.286,4.0,0.267,0.696,0.429,32.0,0.281,9.0,0.351,0.82,0.469,0.234,2.01,1.33,7.47,1.16,31.1,16.4,2.03,0.0,0.63,4.44,11.49,2.59,1.12,1.0,5.0,0.2,1.0,0.2,0.4,0.2,1.0
Jason Castro,488771,142,56.0,32.0,33.0,8.0,0.0,11.0,55.0,20.0,0.0,44.0,2.0,0.254,173.0,0.337,0.491,0.828,0.0,0.0,0.0,0.0,800.0,197.0,85.0,27.0,82.0,1.0,1.0,0.306,0.73,15.73,24.0,0.25,6.0,0.333,0.708,0.375,16.0,0.333,16.0,0.4,0.963,0.563,0.234,2.01,1.33,7.47,1.16,31.1,16.4,2.03,0.0,0.63,4.44,11.49,2.59,1.12,1.0,4.0,0.0,0.0,0.0,0.0,0.0,1.0
Jonathan Schoop,570731,142,91.0,85.0,49.0,19.0,0.0,16.0,91.0,15.0,1.0,85.0,9.0,0.253,336.0,0.302,0.452,0.754,1.0,1.0,0.5,9.0,1292.0,361.0,152.0,44.0,177.0,0.0,1.0,0.3,1.12,21.0,19.0,0.211,4.0,0.286,0.654,0.368,24.0,0.208,10.0,0.25,0.604,0.354,0.234,2.01,1.33,7.47,1.16,31.1,16.4,2.03,0.0,0.63,4.44,11.49,2.59,1.12,1.0,7.0,0.286,2.0,0.375,0.804,0.429,0.0
Jorge Polanco,593871,142,108.0,79.0,71.0,30.0,5.0,17.0,78.0,43.0,2.0,133.0,3.0,0.295,451.0,0.357,0.497,0.853,3.0,4.0,0.571,8.0,2018.0,503.0,224.0,55.0,154.0,1.0,5.0,0.321,0.47,26.53,28.0,0.179,5.0,0.281,0.602,0.321,15.25,0.23,14.0,0.314,0.789,0.475,0.234,2.01,1.33,7.47,1.16,31.1,16.4,2.03,0.0,0.63,4.44,11.49,2.59,1.12,1.0,10.0,0.1,1.0,0.25,0.35,0.1,1.0
Luis Arraez,650333,142,48.0,47.0,30.0,8.0,0.0,2.0,14.0,20.0,0.0,57.0,1.0,0.348,164.0,0.419,0.433,0.852,1.0,1.0,0.5,2.0,759.0,186.0,71.0,11.0,46.0,0.0,1.0,0.369,1.0,82.0,0.0,0.25,7.0,0.3,0.55,0.25,0.0,0.288,17.0,0.354,0.659,0.305,0.234,2.01,1.33,7.47,1.16,31.1,16.4,2.03,0.0,0.63,4.44,11.49,2.59,1.12,1.0,2.0,0.5,1.0,0.5,1.0,0.5,1.0
Marwin Gonzalez,503556,142,92.0,87.0,39.0,14.0,0.0,12.0,82.0,28.0,1.0,83.0,6.0,0.246,337.0,0.315,0.395,0.709,0.0,1.0,1.0,6.0,1455.0,372.0,133.0,35.0,127.0,0.0,1.0,0.291,1.01,28.08,0.0,0.174,4.0,0.208,0.425,0.217,51.0,0.176,9.0,0.288,0.543,0.255,0.234,2.01,1.33,7.47,1.16,31.1,16.4,2.03,0.0,0.63,4.44,11.49,2.59,1.12,1.0,6.0,0.333,2.0,0.5,0.833,0.333,1.0
Max Kepler,596146,142,105.0,97.0,77.0,27.0,0.0,31.0,75.0,46.0,0.0,111.0,4.0,0.265,419.0,0.34,0.551,0.892,5.0,1.0,0.167,4.0,1713.0,473.0,231.0,77.0,133.0,0.0,4.0,0.252,0.69,13.52,8.67,0.308,8.0,0.438,1.207,0.769,8.0,0.268,15.0,0.388,1.102,0.714,0.234,2.01,1.33,7.47,1.16,31.1,16.4,2.03,0.0,0.63,4.44,11.49,2.59,1.12,1.0,20.0,0.1,2.0,0.182,0.432,0.25,1.0
Miguel Sano,593934,142,65.0,40.0,44.0,13.0,1.0,20.0,93.0,33.0,0.0,57.0,0.0,0.247,231.0,0.34,0.571,0.911,1.0,0.0,0.0,0.0,1164.0,265.0,132.0,45.0,112.0,0.0,1.0,0.311,0.95,11.55,12.5,0.24,6.0,0.296,0.816,0.52,8.67,0.308,16.0,0.4,1.092,0.692,0.234,2.01,1.33,7.47,1.16,31.1,16.4,2.03,0.0,0.63,4.44,11.49,2.59,1.12,1.0,16.0,0.25,4.0,0.429,1.054,0.625,0.0
Mitch Garver,641598,142,62.0,40.0,46.0,9.0,1.0,21.0,64.0,24.0,0.0,59.0,4.0,0.274,215.0,0.357,0.619,0.975,0.0,0.0,0.0,5.0,1008.0,244.0,133.0,47.0,82.0,0.0,1.0,0.29,0.75,10.24,13.0,0.154,4.0,0.185,0.608,0.423,7.14,0.22,11.0,0.31,0.97,0.66,0.234,2.01,1.33,7.47,1.16,31.1,16.4,2.03,0.0,0.63,4.44,11.49,2.59,1.12,1.0,8.0,0.25,2.0,0.25,0.5,0.25,0.0
Nelson Cruz,443558,142,86.0,61.0,59.0,19.0,0.0,32.0,99.0,41.0,2.0,95.0,7.0,0.296,321.0,0.386,0.654,1.041,1.0,0.0,0.0,8.0,1535.0,371.0,210.0,76.0,130.0,0.0,1.0,0.33,0.91,10.03,4.0,0.458,11.0,0.536,1.828,1.292,4.15,0.426,23.0,0.5,1.704,1.204,0.234,2.01,1.33,7.47,1.16,31.1,16.4,2.03,0.0,0.63,4.44,11.49,2.59,1.12,1.0,5.0,0.2,1.0,0.2,1.0,0.8,0.0
Carlos Santana,467793,114,111.0,119.0,76.0,22.0,1.0,24.0,71.0,80.0,9.0,112.0,1.0,0.282,397.0,0.403,0.524,0.927,0.0,4.0,1.0,12.0,1934.0,479.0,208.0,64.0,165.0,0.0,1.0,0.29,1.24,16.54,20.0,0.35,7.0,0.481,1.031,0.55,17.33,0.269,14.0,0.381,0.881,0.5,0.243,3.81,1.59,8.89,1.28,28.1,17.4,4.8,1.0,0.63,4.29,9.53,2.22,1.24,1.0,32.0,0.188,6.0,0.316,0.879,0.563,1.0
Francisco Lindor,596019,114,95.0,104.0,64.0,25.0,2.0,20.0,68.0,30.0,6.0,119.0,3.0,0.301,395.0,0.352,0.527,0.878,2.0,17.0,0.895,5.0,1600.0,433.0,208.0,48.0,111.0,1.0,4.0,0.318,0.95,19.75,12.5,0.28,7.0,0.345,0.945,0.6,16.5,0.348,23.0,0.371,1.007,0.636,0.243,3.81,1.59,8.89,1.28,28.1,17.4,4.8,1.0,0.63,4.29,9.53,2.22,1.24,1.0,36.0,0.361,13.0,0.439,0.828,0.389,1.0
Franmil Reyes,614177,114,106.0,83.0,44.0,10.0,0.0,27.0,103.0,29.0,1.0,84.0,0.0,0.243,345.0,0.297,0.507,0.805,0.0,0.0,0.0,12.0,1438.0,380.0,175.0,48.0,137.0,0.0,6.0,0.258,1.02,12.78,0.0,0.083,2.0,0.077,0.202,0.125,53.0,0.208,11.0,0.241,0.562,0.321,0.243,3.81,1.59,8.89,1.28,28.1,17.4,4.8,1.0,0.63,4.29,9.53,2.22,1.24,1.0,0.0,0.0,0.0,0.0,0.0,0.0,0.0
Greg Allen,656185,114,47.0,32.0,16.0,5.0,3.0,2.0,28.0,6.0,0.0,28.0,5.0,0.235,119.0,0.298,0.378,0.676,2.0,2.0,0.5,2.0,517.0,133.0,45.0,17.0,61.0,2.0,1.0,0.289,0.94,59.5,0.0,0.143,4.0,0.172,0.315,0.143,0.0,0.268,11.0,0.333,0.65,0.317,0.243,3.81,1.59,8.89,1.28,28.1,17.4,4.8,1.0,0.63,4.29,9.53,2.22,1.24,1.0,7.0,0.286,2.0,0.444,0.73,0.286,1.0
Jason Kipnis,543401,114,91.0,97.0,40.0,18.0,1.0,11.0,62.0,32.0,2.0,89.0,1.0,0.258,345.0,0.319,0.412,0.73,1.0,6.0,0.857,5.0,1493.0,387.0,142.0,52.0,131.0,4.0,5.0,0.282,0.92,31.36,9.0,0.407,11.0,0.429,1.318,0.889,14.25,0.333,19.0,0.415,1.047,0.632,0.243,3.81,1.59,8.89,1.28,28.1,17.4,4.8,1.0,0.63,4.29,9.53,2.22,1.24,1.0,34.0,0.412,14.0,0.565,1.124,0.559,1.0
Jose Ramirez,608070,114,111.0,91.0,58.0,28.0,2.0,16.0,63.0,45.0,3.0,103.0,2.0,0.245,420.0,0.317,0.436,0.753,4.0,23.0,0.852,8.0,1880.0,473.0,183.0,60.0,192.0,0.0,6.0,0.251,0.54,26.25,12.5,0.32,8.0,0.333,1.093,0.76,9.67,0.31,18.0,0.349,1.09,0.741,0.243,3.81,1.59,8.89,1.28,28.1,17.4,4.8,1.0,0.63,4.29,9.53,2.22,1.24,1.0,32.0,0.344,11.0,0.41,0.941,0.531,1.0
Kevin Plawecki,608700,114,43.0,29.0,11.0,8.0,0.0,2.0,24.0,10.0,0.0,24.0,3.0,0.214,112.0,0.294,0.339,0.633,1.0,0.0,0.0,2.0,470.0,126.0,38.0,12.0,50.0,0.0,1.0,0.253,0.81,56.0,0.0,0.235,4.0,0.316,0.669,0.353,0.0,0.293,12.0,0.356,0.697,0.341,0.243,3.81,1.59,8.89,1.28,28.1,17.4,4.8,1.0,0.63,4.29,9.53,2.22,1.24,1.0,0.0,0.0,0.0,0.0,0.0,0.0,0.0
Mike Freeman,502273,114,45.0,29.0,15.0,4.0,0.0,3.0,31.0,13.0,0.0,26.0,2.0,0.26,100.0,0.35,0.39,0.74,2.0,1.0,0.333,1.0,463.0,122.0,39.0,15.0,36.0,5.0,2.0,0.338,1.38,33.33,0.0,0.13,3.0,0.192,0.322,0.13,20.0,0.25,10.0,0.295,0.72,0.425,0.243,3.81,1.59,8.89,1.28,28.1,17.4,4.8,1.0,0.63,4.29,9.53,2.22,1.24,1.0,0.0,0.0,0.0,0.0,0.0,0.0,1.0
Oscar Mercado,640458,114,69.0,73.0,46.0,16.0,2.0,9.0,52.0,16.0,0.0,76.0,4.0,0.284,268.0,0.331,0.459,0.79,3.0,9.0,0.75,6.0,1070.0,295.0,123.0,32.0,99.0,5.0,2.0,0.321,0.99,29.78,24.0,0.208,5.0,0.24,0.615,0.375,59.0,0.237,14.0,0.266,0.622,0.356,0.243,3.81,1.59,8.89,1.28,28.1,17.4,4.8,1.0,0.63,4.29,9.53,2.22,1.24,1.0,2.0,0.5,1.0,0.5,1.0,0.5,0.0
Roberto Perez,547379,114,83.0,77.0,34.0,7.0,1.0,19.0,88.0,34.0,1.0,63.0,2.0,0.232,272.0,0.317,0.474,0.792,0.0,0.0,0.0,9.0,1345.0,315.0,129.0,45.0,136.0,3.0,4.0,0.26,1.51,14.32,7.33,0.182,4.0,0.25,0.841,0.591,17.33,0.154,8.0,0.224,0.589,0.365,0.243,3.81,1.59,8.89,1.28,28.1,17.4,4.8,1.0,0.63,4.29,9.53,2.22,1.24,1.0,10.0,0.5,5.0,0.545,1.245,0.7,0.0
Tyler Naquin,571980,114,71.0,55.0,28.0,17.0,0.0,9.0,55.0,10.0,2.0,63.0,1.0,0.284,222.0,0.315,0.482,0.797,1.0,4.0,0.8,6.0,857.0,237.0,107.0,31.0,90.0,2.0,2.0,0.338,1.04,24.67,0.0,0.15,3.0,0.15,0.3,0.15,23.0,0.304,14.0,0.313,0.813,0.5,0.243,3.81,1.59,8.89,1.28,28.1,17.4,4.8,1.0,0.63,4.29,9.53,2.22,1.24,1.0,8.0,0.125,1.0,0.125,0.25,0.125,1.0
Yasiel Puig,624577,114,107.0,83.0,52.0,17.0,1.0,22.0,94.0,25.0,1.0,101.0,6.0,0.254,397.0,0.306,0.469,0.775,5.0,16.0,0.762,10.0,1551.0,431.0,186.0,64.0,178.0,0.0,3.0,0.278,0.68,18.04,0.0,0.292,7.0,0.37,0.745,0.375,0.0,0.212,11.0,0.305,0.593,0.288,0.243,3.81,1.59,8.89,1.28,28.1,17.4,4.8,1.0,0.63,4.29,9.53,2.22,1.24,1.0,3.0,0.333,1.0,0.5,0.833,0.333,0.0
Austin Slater,596103,137,28.0,21.0,9.0,5.0,2.0,3.0,28.0,13.0,1.0,21.0,1.0,0.273,77.0,0.385,0.506,0.891,0.0,0.0,0.0,1.0,381.0,91.0,39.0,14.0,20.0,0.0,0.0,0.391,3.0,25.67,0.0,0.3,6.0,0.44,0.84,0.4,0.0,0.256,10.0,0.37,0.703,0.333,0.207,3.13,1.5,6.82,1.44,31.2,16.11,3.46,1.0,0.66,3.0,11.08,3.69,1.17,1.0,0.0,0.0,0.0,0.0,0.0,0.0,0.0
Brandon Belt,474832,137,111.0,66.0,57.0,19.0,2.0,12.0,93.0,64.0,2.0,88.0,3.0,0.233,377.0,0.347,0.39,0.737,2.0,3.0,0.6,5.0,1867.0,447.0,147.0,39.0,155.0,0.0,3.0,0.276,0.5,31.42,0.0,0.241,7.0,0.267,0.577,0.31,57.0,0.175,10.0,0.254,0.517,0.263,0.207,3.13,1.5,6.82,1.44,31.2,16.11,3.46,1.0,0.66,3.0,11.08,3.69,1.17,1.0,6.0,0.667,4.0,0.667,1.5,0.833,1.0
Brandon Crawford,543063,137,105.0,105.0,42.0,20.0,1.0,9.0,94.0,36.0,2.0,83.0,2.0,0.226,367.0,0.297,0.36,0.656,2.0,2.0,0.5,9.0,1603.0,408.0,132.0,48.0,158.0,0.0,3.0,0.277,1.19,40.78,0.0,0.154,4.0,0.185,0.377,0.192,0.0,0.175,10.0,0.242,0.453,0.211,0.207,3.13,1.5,6.82,1.44,31.2,16.11,3.46,1.0,0.66,3.0,11.08,3.69,1.17,1.0,8.0,0.25,2.0,0.25,0.5,0.25,1.0
Buster Posey,457763,137,85.0,88.0,33.0,21.0,0.0,6.0,50.0,25.0,0.0,76.0,4.0,0.261,291.0,0.327,0.395,0.722,0.0,0.0,0.0,11.0,1252.0,321.0,115.0,33.0,116.0,0.0,1.0,0.297,1.13,48.5,0.0,0.294,5.0,0.4,0.753,0.353,48.0,0.271,13.0,0.364,0.76,0.396,0.207,3.13,1.5,6.82,1.44,31.2,16.11,3.46,1.0,0.66,3.0,11.08,3.69,1.17,1.0,7.0,0.429,3.0,0.556,1.127,0.571,0.0
Donovan Solano,456781,137,52.0,25.0,18.0,9.0,0.0,4.0,31.0,8.0,0.0,47.0,0.0,0.329,143.0,0.359,0.476,0.835,1.0,0.0,0.0,3.0,590.0,153.0,68.0,18.0,40.0,0.0,2.0,0.391,0.6,35.75,9.0,0.278,5.0,0.278,0.889,0.611,22.5,0.311,14.0,0.34,0.829,0.489,0.207,3.13,1.5,6.82,1.44,31.2,16.11,3.46,1.0,0.66,3.0,11.08,3.69,1.17,1.0,0.0,0.0,0.0,0.0,0.0,0.0,0.0
Evan Longoria,446334,137,86.0,70.0,38.0,15.0,2.0,13.0,67.0,29.0,0.0,69.0,3.0,0.239,289.0,0.314,0.439,0.753,1.0,2.0,0.667,6.0,1260.0,322.0,127.0,39.0,120.0,0.0,1.0,0.267,0.83,22.23,11.5,0.261,6.0,0.32,0.885,0.565,8.33,0.3,15.0,0.364,1.084,0.72,0.207,3.13,1.5,6.82,1.44,31.2,16.11,3.46,1.0,0.66,3.0,11.08,3.69,1.17,1.0,6.0,0.167,1.0,0.167,0.5,0.333,0.0
Kevin Pillar,607680,137,115.0,118.0,56.0,28.0,1.0,13.0,67.0,12.0,3.0,105.0,6.0,0.245,428.0,0.273,0.407,0.679,3.0,9.0,0.75,12.0,1458.0,451.0,174.0,57.0,180.0,0.0,5.0,0.261,0.83,32.92,0.0,0.389,7.0,0.421,0.977,0.556,52.0,0.25,13.0,0.264,0.687,0.423,0.207,3.13,1.5,6.82,1.44,31.2,16.11,3.46,1.0,0.66,3.0,11.08,3.69,1.17,1.0,2.0,0.5,1.0,0.5,1.0,0.5,0.0
Mike Yastrzemski,573262,137,63.0,45.0,37.0,12.0,2.0,10.0,60.0,16.0,1.0,57.0,2.0,0.264,216.0,0.316,0.477,0.793,2.0,1.0,0.333,4.0,922.0,238.0,103.0,34.0,102.0,1.0,3.0,0.315,0.78,21.6,26.0,0.192,5.0,0.276,0.622,0.346,54.0,0.278,15.0,0.355,0.762,0.407,0.207,3.13,1.5,6.82,1.44,31.2,16.11,3.46,1.0,0.66,3.0,11.08,3.69,1.17,1.0,0.0,0.0,0.0,0.0,0.0,0.0,1.0
Pablo Sandoval,467055,137,106.0,80.0,42.0,23.0,0.0,14.0,67.0,18.0,2.0,72.0,1.0,0.267,270.0,0.312,0.507,0.819,0.0,1.0,1.0,8.0,1134.0,294.0,137.0,41.0,120.0,2.0,3.0,0.302,1.43,19.29,0.0,0.28,7.0,0.308,0.708,0.4,16.67,0.28,14.0,0.333,0.893,0.56,0.207,3.13,1.5,6.82,1.44,31.2,16.11,3.46,1.0,0.66,3.0,11.08,3.69,1.17,1.0,3.0,0.0,0.0,0.0,0.0,0.0,1.0
Scooter Gennett,571697,137,27.0,22.0,5.0,5.0,0.0,1.0,23.0,1.0,0.0,19.0,1.0,0.218,87.0,0.233,0.31,0.544,0.0,0.0,0.0,0.0,300.0,90.0,27.0,7.0,38.0,0.0,1.0,0.281,0.92,87.0,21.0,0.238,5.0,0.238,0.714,0.476,48.0,0.271,13.0,0.265,0.682,0.417,0.207,3.13,1.5,6.82,1.44,31.2,16.11,3.46,1.0,0.66,3.0,11.08,3.69,1.17,1.0,8.0,0.375,3.0,0.444,0.819,0.375,1.0
Stephen Vogt,519390,137,65.0,20.0,19.0,18.0,2.0,5.0,43.0,16.0,0.0,43.0,1.0,0.277,155.0,0.345,0.516,0.861,1.0,0.0,0.0,0.0,710.0,174.0,80.0,20.0,69.0,0.0,2.0,0.349,0.39,31.0,0.0,0.25,5.0,0.25,0.55,0.3,37.0,0.297,11.0,0.35,0.836,0.486,0.207,3.13,1.5,6.82,1.44,31.2,16.11,3.46,1.0,0.66,3.0,11.08,3.69,1.17,1.0,2.0,0.5,1.0,0.667,1.167,0.5,1.0
Steven Duggar,621453,137,73.0,71.0,26.0,12.0,2.0,4.0,78.0,16.0,0.0,61.0,1.0,0.234,261.0,0.278,0.341,0.619,4.0,1.0,0.2,1.0,1132.0,281.0,89.0,28.0,78.0,0.0,3.0,0.313,1.31,65.25,0.0,0.188,3.0,0.235,0.485,0.25,41.0,0.195,8.0,0.25,0.543,0.293,0.207,3.13,1.5,6.82,1.44,31.2,16.11,3.46,1.0,0.66,3.0,11.08,3.69,1.17,1.0,0.0,0.0,0.0,0.0,0.0,0.0,1.0
Adam Haseley,656514,143,24.0,30.0,12.0,6.0,0.0,3.0,18.0,3.0,0.0,23.0,2.0,0.274,84.0,0.315,0.452,0.767,0.0,0.0,0.0,3.0,368.0,89.0,38.0,12.0,27.0,0.0,0.0,0.317,2.31,28.0,0.0,0.269,7.0,0.321,0.667,0.346,56.0,0.286,16.0,0.322,0.715,0.393,0.244,3.55,0.77,8.18,0.82,33.0,14.42,3.82,1.0,0.66,4.5,7.36,1.64,1.09,1.0,0.0,0.0,0.0,0.0,0.0,0.0,1.0
Andrew Knapp,595284,143,55.0,21.0,9.0,4.0,0.0,1.0,32.0,15.0,1.0,18.0,2.0,0.2,90.0,0.327,0.278,0.605,0.0,0.0,0.0,2.0,440.0,109.0,25.0,4.0,49.0,2.0,0.0,0.298,1.0,90.0,0.0,0.556,5.0,0.6,1.267,0.667,0.0,0.333,8.0,0.429,0.846,0.417,0.244,3.55,0.77,8.18,0.82,33.0,14.42,3.82,1.0,0.66,4.5,7.36,1.64,1.09,1.0,0.0,0.0,0.0,0.0,0.0,0.0,1.0
Brad Miller,543543,143,42.0,20.0,11.0,3.0,1.0,4.0,23.0,11.0,0.0,18.0,1.0,0.231,78.0,0.333,0.449,0.782,0.0,2.0,1.0,1.0,352.0,90.0,35.0,11.0,28.0,0.0,0.0,0.275,1.18,19.5,0.0,0.111,1.0,0.333,0.444,0.111,22.0,0.091,2.0,0.231,0.458,0.227,0.244,3.55,0.77,8.18,0.82,33.0,14.42,3.82,1.0,0.66,4.5,7.36,1.64,1.09,1.0,3.0,0.0,0.0,0.0,0.0,0.0,1.0
Bryce Harper,547180,143,113.0,90.0,66.0,30.0,0.0,20.0,132.0,78.0,9.0,105.0,3.0,0.251,418.0,0.371,0.467,0.838,3.0,6.0,0.667,7.0,2059.0,501.0,195.0,74.0,166.0,0.0,2.0,0.317,0.97,20.9,14.5,0.241,7.0,0.353,0.801,0.448,19.0,0.193,11.0,0.361,0.747,0.386,0.244,3.55,0.77,8.18,0.82,33.0,14.42,3.82,1.0,0.66,4.5,7.36,1.64,1.09,1.0,15.0,0.267,4.0,0.313,0.98,0.667,1.0
Cesar Hernandez,514917,143,113.0,137.0,50.0,22.0,3.0,8.0,64.0,25.0,2.0,120.0,6.0,0.28,429.0,0.325,0.401,0.726,2.0,6.0,0.75,8.0,1771.0,464.0,172.0,49.0,182.0,0.0,4.0,0.31,1.22,53.62,30.0,0.233,7.0,0.233,0.6,0.367,63.0,0.27,17.0,0.281,0.646,0.365,0.244,3.55,0.77,8.18,0.82,33.0,14.42,3.82,1.0,0.66,4.5,7.36,1.64,1.09,1.0,12.0,0.25,3.0,0.357,0.607,0.25,1.0
Corey Dickerson,572816,143,49.0,33.0,22.0,18.0,0.0,6.0,28.0,13.0,4.0,45.0,0.0,0.315,143.0,0.367,0.566,0.934,0.0,1.0,1.0,3.0,647.0,158.0,81.0,29.0,66.0,0.0,2.0,0.351,0.85,23.83,5.25,0.381,8.0,0.381,1.333,0.952,11.25,0.4,18.0,0.449,1.227,0.778,0.244,3.55,0.77,8.18,0.82,33.0,14.42,3.82,1.0,0.66,4.5,7.36,1.64,1.09,1.0,1.0,0.0,0.0,0.0,0.0,0.0,1.0
J.T. Realmuto,592663,143,108.0,88.0,67.0,25.0,1.0,15.0,99.0,28.0,1.0,107.0,3.0,0.271,395.0,0.321,0.453,0.774,1.0,5.0,0.833,8.0,1693.0,430.0,179.0,56.0,210.0,0.0,4.0,0.323,0.84,26.33,28.0,0.286,8.0,0.355,0.891,0.536,14.75,0.271,16.0,0.306,0.865,0.559,0.244,3.55,0.77,8.18,0.82,33.0,14.42,3.82,1.0,0.66,4.5,7.36,1.64,1.09,1.0,6.0,0.5,3.0,0.5,1.333,0.833,0.0
Jean Segura,516416,143,102.0,143.0,62.0,23.0,3.0,11.0,51.0,25.0,0.0,118.0,6.0,0.287,411.0,0.336,0.438,0.774,2.0,7.0,0.778,8.0,1584.0,444.0,180.0,47.0,154.0,1.0,1.0,0.306,1.42,37.36,0.0,0.286,8.0,0.429,0.715,0.286,54.0,0.389,21.0,0.468,0.949,0.481,0.244,3.55,0.77,8.18,0.82,33.0,14.42,3.82,1.0,0.66,4.5,7.36,1.64,1.09,1.0,13.0,0.0,0.0,0.133,0.133,0.0,0.0
Rhys Hoskins,656555,143,113.0,62.0,58.0,24.0,4.0,24.0,115.0,85.0,5.0,101.0,7.0,0.251,403.0,0.388,0.509,0.896,2.0,1.0,0.333,6.0,2284.0,500.0,205.0,69.0,190.0,0.0,3.0,0.288,0.48,16.79,26.0,0.154,4.0,0.313,0.659,0.346,14.75,0.22,13.0,0.343,0.835,0.492,0.244,3.55,0.77,8.18,0.82,33.0,14.42,3.82,1.0,0.66,4.5,7.36,1.64,1.09,1.0,3.0,0.0,0.0,0.0,0.0,0.0,0.0
Roman Quinn,596451,143,37.0,23.0,12.0,2.0,0.0,3.0,30.0,9.0,0.0,17.0,0.0,0.195,87.0,0.271,0.322,0.593,0.0,7.0,1.0,0.0,359.0,97.0,28.0,7.0,34.0,1.0,0.0,0.259,1.28,29.0,9.0,0.444,8.0,0.5,1.278,0.778,12.0,0.333,12.0,0.4,1.011,0.611,0.244,3.55,0.77,8.18,0.82,33.0,14.42,3.82,1.0,0.66,4.5,7.36,1.64,1.09,1.0,0.0,0.0,0.0,0.0,0.0,0.0,1.0
Scott Kingery,664068,143,81.0,55.0,44.0,23.0,2.0,14.0,94.0,23.0,0.0,84.0,5.0,0.28,300.0,0.341,0.51,0.851,2.0,10.0,0.833,2.0,1308.0,328.0,153.0,34.0,115.0,0.0,0.0,0.365,0.83,21.43,29.0,0.345,10.0,0.406,0.958,0.552,67.0,0.239,16.0,0.301,0.704,0.403,0.244,3.55,0.77,8.18,0.82,33.0,14.42,3.82,1.0,0.66,4.5,7.36,1.64,1.09,1.0,0.0,0.0,0.0,0.0,0.0,0.0,0.0
Sean Rodriguez,446481,143,42.0,17.0,14.0,3.0,0.0,3.0,24.0,7.0,0.0,16.0,2.0,0.229,70.0,0.313,0.4,0.713,1.0,1.0,0.5,2.0,342.0,83.0,28.0,10.0,35.0,3.0,1.0,0.295,1.0,23.33,12.0,0.25,3.0,0.25,0.75,0.5,9.5,0.263,5.0,0.333,0.912,0.579,0.244,3.55,0.77,8.18,0.82,33.0,14.42,3.82,1.0,0.66,4.5,7.36,1.64,1.09,1.0,6.0,0.333,2.0,0.429,0.762,0.333,0.0
Austin Hedges,595978,135,73.0,41.0,19.0,8.0,0.0,8.0,84.0,15.0,1.0,43.0,5.0,0.185,233.0,0.248,0.322,0.57,0.0,1.0,1.0,3.0,1012.0,256.0,75.0,30.0,104.0,2.0,1.0,0.246,0.6,29.12,0.0,0.056,1.0,0.105,0.161,0.056,21.0,0.19,8.0,0.255,0.636,0.381,0.266,4.45,1.53,9.21,1.28,28.1,16.84,4.48,0.0,0.62,2.0,7.62,3.81,1.45,0.5,18.0,0.278,5.0,0.316,0.705,0.389,0.0
Eric Hosmer,543333,135,112.0,146.0,57.0,20.0,1.0,17.0,97.0,32.0,2.0,123.0,2.0,0.28,439.0,0.329,0.446,0.776,2.0,0.0,0.0,9.0,1827.0,477.0,196.0,77.0,148.0,0.0,4.0,0.322,1.9,25.82,12.5,0.24,6.0,0.31,0.79,0.48,13.25,0.245,13.0,0.3,0.809,0.509,0.266,4.45,1.53,9.21,1.28,28.1,16.84,4.48,0.0,0.62,2.0,7.62,3.81,1.45,0.5,22.0,0.227,5.0,0.292,0.565,0.273,1.0
Fernando Tatis Jr.,665487,135,78.0,62.0,58.0,12.0,5.0,21.0,101.0,28.0,1.0,100.0,5.0,0.325,308.0,0.387,0.601,0.987,4.0,14.0,0.778,4.0,1306.0,344.0,185.0,49.0,99.0,0.0,3.0,0.418,1.29,14.67,10.0,0.267,8.0,0.353,0.953,0.6,13.0,0.338,22.0,0.394,1.009,0.615,0.266,4.45,1.53,9.21,1.28,28.1,16.84,4.48,0.0,0.62,2.0,7.62,3.81,1.45,0.5,7.0,0.143,1.0,0.143,0.429,0.286,0.0
Francisco Mejia,642336,135,53.0,31.0,16.0,6.0,1.0,5.0,37.0,8.0,1.0,39.0,3.0,0.257,152.0,0.305,0.408,0.713,0.0,1.0,1.0,4.0,614.0,164.0,62.0,15.0,65.0,0.0,1.0,0.306,0.67,30.4,21.0,0.429,9.0,0.429,1.048,0.619,20.5,0.39,16.0,0.419,1.004,0.585,0.266,4.45,1.53,9.21,1.28,28.1,16.84,4.48,0.0,0.62,2.0,7.62,3.81,1.45,0.5,2.0,0.0,0.0,0.0,0.0,0.0,1.0
Greg Garcia,594824,135,88.0,61.0,36.0,11.0,3.0,3.0,55.0,26.0,0.0,56.0,3.0,0.277,202.0,0.365,0.406,0.771,2.0,0.0,0.0,2.0,995.0,234.0,82.0,25.0,74.0,1.0,2.0,0.363,1.85,67.33,0.0,0.455,5.0,0.5,1.045,0.545,0.0,0.429,9.0,0.519,0.995,0.476,0.266,4.45,1.53,9.21,1.28,28.1,16.84,4.48,0.0,0.62,2.0,7.62,3.81,1.45,0.5,9.0,0.222,2.0,0.364,0.586,0.222,1.0
Hunter Renfroe,592669,135,104.0,69.0,50.0,15.0,1.0,30.0,108.0,30.0,1.0,81.0,1.0,0.235,344.0,0.295,0.547,0.841,0.0,4.0,1.0,5.0,1522.0,380.0,188.0,59.0,141.0,0.0,5.0,0.242,0.76,11.47,24.0,0.208,5.0,0.269,0.602,0.333,25.5,0.176,9.0,0.237,0.551,0.314,0.266,4.45,1.53,9.21,1.28,28.1,16.84,4.48,0.0,0.62,2.0,7.62,3.81,1.45,0.5,9.0,0.556,5.0,0.556,2.223,1.667,0.0
Ian Kinsler,435079,135,83.0,71.0,27.0,12.0,0.0,8.0,53.0,19.0,0.0,55.0,3.0,0.217,254.0,0.278,0.358,0.636,4.0,2.0,0.333,5.0,1071.0,277.0,91.0,20.0,91.0,0.0,1.0,0.242,0.93,31.75,0.0,0.214,3.0,0.267,0.481,0.214,0.0,0.156,5.0,0.263,0.419,0.156,0.266,4.45,1.53,9.21,1.28,28.1,16.84,4.48,0.0,0.62,2.0,7.62,3.81,1.45,0.5,6.0,0.0,0.0,0.0,0.0,0.0,0.0
Josh Naylor,647304,135,47.0,40.0,13.0,5.0,0.0,4.0,32.0,9.0,1.0,29.0,0.0,0.24,121.0,0.29,0.38,0.67,1.0,1.0,0.5,2.0,511.0,131.0,46.0,19.0,40.0,0.0,1.0,0.291,1.9,30.25,16.0,0.25,4.0,0.294,0.794,0.5,15.5,0.323,10.0,0.353,0.901,0.548,0.266,4.45,1.53,9.21,1.28,28.1,16.84,4.48,0.0,0.62,2.0,7.62,3.81,1.45,0.5,0.0,0.0,0.0,1.0,0.0,0.0,1.0
Luis Urias,649966,135,26.0,22.0,9.0,1.0,0.0,1.0,19.0,13.0,0.0,9.0,4.0,0.134,67.0,0.31,0.194,0.504,0.0,0.0,0.0,5.0,355.0,84.0,13.0,2.0,28.0,0.0,0.0,0.17,1.29,67.0,19.0,0.316,6.0,0.435,0.909,0.474,43.0,0.163,7.0,0.345,0.578,0.233,0.266,4.45,1.53,9.21,1.28,28.1,16.84,4.48,0.0,0.62,2.0,7.62,3.81,1.45,0.5,3.0,0.0,0.0,0.0,0.0,0.0,0.0
Manny Machado,592518,135,110.0,102.0,65.0,15.0,1.0,26.0,96.0,43.0,2.0,116.0,3.0,0.272,427.0,0.34,0.494,0.834,1.0,3.0,0.75,17.0,1752.0,476.0,211.0,69.0,147.0,0.0,3.0,0.292,0.88,16.42,32.0,0.219,7.0,0.242,0.555,0.313,61.0,0.279,17.0,0.343,0.704,0.361,0.266,4.45,1.53,9.21,1.28,28.1,16.84,4.48,0.0,0.62,2.0,7.62,3.81,1.45,0.5,16.0,0.375,6.0,0.375,1.125,0.75,0.0
Manuel Margot,622534,135,104.0,65.0,43.0,16.0,1.0,8.0,56.0,28.0,1.0,65.0,1.0,0.245,265.0,0.32,0.404,0.724,1.0,15.0,0.938,5.0,1167.0,296.0,107.0,23.0,114.0,2.0,0.0,0.284,0.8,33.12,10.5,0.238,5.0,0.273,0.892,0.619,22.5,0.178,8.0,0.275,0.631,0.356,0.266,4.45,1.53,9.21,1.28,28.1,16.84,4.48,0.0,0.62,2.0,7.62,3.81,1.45,0.5,14.0,0.214,3.0,0.313,0.67,0.357,0.0
Wil Myers,571976,135,110.0,58.0,46.0,15.0,0.0,13.0,124.0,39.0,0.0,70.0,2.0,0.227,308.0,0.318,0.403,0.721,6.0,10.0,0.625,9.0,1463.0,350.0,124.0,33.0,125.0,1.0,0.0,0.333,1.02,23.69,0.0,0.333,9.0,0.357,0.764,0.407,48.0,0.271,13.0,0.314,0.731,0.417,0.266,4.45,1.53,9.21,1.28,28.1,16.84,4.48,0.0,0.62,2.0,7.62,3.81,1.45,0.5,34.0,0.412,14.0,0.447,1.241,0.794,0.0
Charlie Blackmon,453568,115,95.0,104.0,83.0,28.0,7.0,23.0,78.0,25.0,0.0,131.0,5.0,0.323,406.0,0.368,0.596,0.964,4.0,2.0,0.333,5.0,1671.0,437.0,242.0,64.0,101.0,0.0,1.0,0.353,1.11,17.65,14.0,0.357,10.0,0.379,1.022,0.643,20.33,0.377,23.0,0.415,1.038,0.623,0.263,5.31,0.99,9.3,1.34,20.1,16.52,5.82,0.0,0.63,3.0,9.3,3.1,1.38,0.5,10.0,0.6,6.0,0.636,1.336,0.7,1.0
Chris Iannetta,455104,115,51.0,30.0,19.0,9.0,0.0,6.0,52.0,18.0,3.0,31.0,1.0,0.221,140.0,0.313,0.414,0.727,0.0,0.0,0.0,9.0,655.0,160.0,58.0,21.0,53.0,0.0,1.0,0.301,1.07,23.33,0.0,0.143,3.0,0.182,0.325,0.143,39.0,0.154,6.0,0.233,0.489,0.256,0.263,5.31,0.99,9.3,1.34,20.1,16.52,5.82,0.0,0.63,3.0,9.3,3.1,1.38,0.5,2.0,0.5,1.0,0.5,1.0,0.5,0.0
Daniel Murphy,502517,115,88.0,83.0,43.0,24.0,1.0,11.0,51.0,24.0,0.0,91.0,0.0,0.296,307.0,0.344,0.489,0.833,1.0,1.0,0.5,6.0,1311.0,336.0,150.0,60.0,118.0,0.0,3.0,0.323,0.98,27.91,0.0,0.4,10.0,0.423,0.903,0.48,26.0,0.346,18.0,0.382,0.94,0.558,0.263,5.31,0.99,9.3,1.34,20.1,16.52,5.82,0.0,0.63,3.0,9.3,3.1,1.38,0.5,2.0,0.0,0.0,0.0,0.0,0.0,1.0
Garrett Hampson,641658,115,64.0,43.0,21.0,7.0,3.0,2.0,54.0,14.0,1.0,38.0,0.0,0.221,172.0,0.278,0.331,0.609,3.0,5.0,0.625,1.0,779.0,188.0,57.0,13.0,68.0,1.0,1.0,0.308,1.1,86.0,0.0,0.385,5.0,0.385,1.0,0.615,34.0,0.265,9.0,0.342,0.813,0.471,0.263,5.31,0.99,9.3,1.34,20.1,16.52,5.82,0.0,0.63,3.0,9.3,3.1,1.38,0.5,1.0,1.0,1.0,1.0,2.0,1.0,0.0
Ian Desmond,435622,115,101.0,86.0,48.0,27.0,3.0,13.0,89.0,25.0,1.0,88.0,2.0,0.267,330.0,0.32,0.485,0.805,3.0,2.0,0.4,10.0,1354.0,359.0,160.0,52.0,141.0,0.0,2.0,0.326,1.25,25.38,0.0,0.35,7.0,0.409,1.009,0.6,47.0,0.234,11.0,0.294,0.698,0.404,0.263,5.31,0.99,9.3,1.34,20.1,16.52,5.82,0.0,0.63,3.0,9.3,3.1,1.38,0.5,8.0,0.125,1.0,0.125,0.25,0.125,0.0
Nolan Arenado,571448,115,113.0,93.0,72.0,23.0,2.0,25.0,63.0,42.0,8.0,131.0,3.0,0.306,428.0,0.367,0.544,0.912,2.0,2.0,0.5,7.0,1692.0,479.0,233.0,85.0,154.0,0.0,6.0,0.306,0.63,17.12,8.33,0.36,9.0,0.37,1.13,0.76,17.67,0.302,16.0,0.339,0.83,0.491,0.263,5.31,0.99,9.3,1.34,20.1,16.52,5.82,0.0,0.63,3.0,9.3,3.1,1.38,0.5,7.0,0.286,2.0,0.444,0.73,0.286,0.0
Raimel Tapia,606132,115,103.0,90.0,41.0,21.0,5.0,8.0,77.0,16.0,0.0,86.0,0.0,0.274,314.0,0.309,0.449,0.758,3.0,4.0,0.571,2.0,1225.0,330.0,141.0,34.0,122.0,0.0,0.0,0.341,1.48,39.25,24.0,0.25,6.0,0.28,0.655,0.375,49.0,0.265,13.0,0.294,0.661,0.367,0.263,5.31,0.99,9.3,1.34,20.1,16.52,5.82,0.0,0.63,3.0,9.3,3.1,1.38,0.5,0.0,0.0,0.0,0.0,0.0,0.0,1.0
Ryan McMahon,641857,115,95.0,84.0,49.0,17.0,1.0,12.0,100.0,36.0,1.0,85.0,0.0,0.266,320.0,0.339,0.438,0.776,0.0,3.0,1.0,9.0,1431.0,357.0,140.0,55.0,145.0,0.0,1.0,0.349,1.62,26.67,23.0,0.261,6.0,0.32,0.755,0.435,25.0,0.3,15.0,0.39,0.85,0.46,0.263,5.31,0.99,9.3,1.34,20.1,16.52,5.82,0.0,0.63,3.0,9.3,3.1,1.38,0.5,2.0,0.5,1.0,0.5,1.0,0.5,1.0
Tony Wolters,547172,115,84.0,72.0,33.0,14.0,2.0,1.0,46.0,24.0,4.0,71.0,4.0,0.276,257.0,0.341,0.358,0.699,1.0,0.0,0.0,6.0,1067.0,292.0,92.0,27.0,117.0,2.0,5.0,0.326,0.96,257.0,0.0,0.263,5.0,0.333,0.701,0.368,0.0,0.227,10.0,0.277,0.572,0.295,0.263,5.31,0.99,9.3,1.34,20.1,16.52,5.82,0.0,0.63,3.0,9.3,3.1,1.38,0.5,4.0,0.25,1.0,0.5,0.75,0.25,1.0
Trevor Story,596115,115,101.0,70.0,83.0,27.0,5.0,26.0,117.0,37.0,0.0,116.0,4.0,0.282,411.0,0.347,0.562,0.909,5.0,14.0,0.737,2.0,1856.0,453.0,231.0,64.0,145.0,0.0,1.0,0.335,0.64,15.81,6.25,0.32,8.0,0.414,1.334,0.92,14.75,0.237,14.0,0.318,0.911,0.593,0.263,5.31,0.99,9.3,1.34,20.1,16.52,5.82,0.0,0.63,3.0,9.3,3.1,1.38,0.5,6.0,0.667,4.0,0.75,2.583,1.833,0.0
Yonathan Daza,602074,115,8.0,10.0,1.0,0.0,0.0,0.0,5.0,1.0,0.0,3.0,0.0,0.125,24.0,0.16,0.125,0.285,0.0,0.0,0.0,1.0,94.0,25.0,3.0,0.0,13.0,0.0,0.0,0.158,1.67,0.0,0.0,0.15,3.0,0.19,0.34,0.15,0.0,0.125,3.0,0.16,0.285,0.125,0.263,5.31,0.99,9.3,1.34,20.1,16.52,5.82,0.0,0.63,3.0,9.3,3.1,1.38,0.5,0.0,0.0,0.0,0.0,0.0,0.0,0.0
Yonder Alonso,475174,115,81.0,66.0,28.0,9.0,0.0,8.0,60.0,33.0,2.0,46.0,1.0,0.189,243.0,0.287,0.325,0.612,1.0,0.0,0.0,9.0,1148.0,279.0,79.0,30.0,97.0,0.0,2.0,0.215,0.9,30.38,0.0,0.083,1.0,0.214,0.297,0.083,25.0,0.28,7.0,0.379,0.899,0.52,0.263,5.31,0.99,9.3,1.34,20.1,16.52,5.82,0.0,0.63,3.0,9.3,3.1,1.38,0.5,0.0,0.0,0.0,0.0,0.0,0.0,1.0
